id,code,day,session_label,session_time,time,room,title,authors,affiliations,source_pdf,source_pages,start_page,end_page
0105,0105,"Monday, June 22",OR1-1A Bio/Medical Sensors and MEMS/NEMS 1,10:00-12:00,10:30,Grand Ballroom 1,Carboxymethyl Cellulose–Assisted ZnS@N/C–MWCNT Nanocomposite for Real-Time Dopamine Monitoring in PC-12 Cells,"Jitesh Laishram, Rajalakshmi Sakthivel, Ren-Jei Chung","National Taipei University of Technology, Taiwan",/home/tsai/YoshiNAS/Tasks/APCOT2026_Proceedings/APCOT_Abstract/0105.pdf,2,1,2
0101,0101,"Monday, June 22","OR1-1C Material, Fabrication, and Packaging 1",10:00-12:00,10:40,Rose 2,Generative Artificial Intelligence for the Design of Green Piezoelectric Sensors in Healthcare Applications,"Ravindra Joshi, Parag Parashar, Zong-Hong Lin","National Taiwan University, Taiwan [1] National Tsing Hua University, Taiwan [2]",/home/tsai/YoshiNAS/Tasks/APCOT2026_Proceedings/APCOT_Abstract/0101.pdf,1,3,3
0116,0116,"Monday, June 22",OR1-1D Physical Sensors and MEMS/NEMS 1,10:00-12:00,10:40,Rose 3,Reduction of Thermo-Elastic Damping by a Virtual Spring Enabled with Electrostatically Implemented Positive Stiffness,"W. Luo, C. Li, H. Wang, Z. Zhang, M. Heller, D. Nishinohara, H. Hashimoto, T. Fujita, T. Ikehashi","Waseda University, Japan",/home/tsai/YoshiNAS/Tasks/APCOT2026_Proceedings/APCOT_Abstract/0116.pdf,2,4,5
0155,0155,"Monday, June 22",OR1-1E Chemical Sensors and MEMS/NEMS 1,10:00-12:00,10:40,Plum Blossom 2,Ultralow-Power Hydrogen Detection Using Gate-All-Around PtNP-decorated Suspended Silicon Nanobelt Gas Sensors,"Po-Chien Kung, Jeng-Tzong Sheu","National Yang Ming Chiao Tung University, Taiwan",/home/tsai/YoshiNAS/Tasks/APCOT2026_Proceedings/APCOT_Abstract/0155.pdf,2,6,7
0285,0285,"Monday, June 22",OR1-1B Acoustic and RF MEMS,10:00-12:00,10:40,Rose 1,Multi resonant metamaterial-based microwave sensor for soil monitoring,"Faisal Muhammad, Tetsuo Kan","The University of Electro-communication, Japan",/home/tsai/YoshiNAS/Tasks/APCOT2026_Proceedings/APCOT_Abstract/0285.pdf,2,8,9
0207,0207,"Monday, June 22",OR1-1A Bio/Medical Sensors and MEMS/NEMS 1,10:00-12:00,10:42,Grand Ballroom 1,Next-Generation Wearable Organic Electrochemical Transistor-based Bioelectronic Medicine Enabled by Conducting Polymers and Laser-Scribed Graphene,Y.-S. Hsiao,"National Taiwan University of Science and Technology, Taiwan",/home/tsai/YoshiNAS/Tasks/APCOT2026_Proceedings/APCOT_Abstract/0207.pdf,2,10,11
0132,0132,"Monday, June 22",OR1-1D Physical Sensors and MEMS/NEMS 1,10:00-12:00,10:52,Rose 3,Collapse-mode based CMOS-MEMS CMUT through atomic layer deposition process,"Hsu-Chung Chen, Sheng-Shian Li","National Tsing Hua University, Taiwan",/home/tsai/YoshiNAS/Tasks/APCOT2026_Proceedings/APCOT_Abstract/0132.pdf,2,12,13
0172,0172,"Monday, June 22",OR1-1E Chemical Sensors and MEMS/NEMS 1,10:00-12:00,10:52,Plum Blossom 2,Design of Copper Iron Prussian Blue Analogues Integrated with Graphene Quantum Dots for Nitrate Sensors,"Jing-Ju Ho, Chieh Li, Jung-Hsin Jen, Pin-Hsuan Lin, Mia Rinawati, Kuan-Jung Chen, Min-Hsin","National Taiwan University of Science and Technology, Taiwan [1] Might Electronic Co., Ltd., Taiwan [2]",/home/tsai/YoshiNAS/Tasks/APCOT2026_Proceedings/APCOT_Abstract/0172.pdf,2,14,15
0265,0265,"Monday, June 22","OR1-1C Material, Fabrication, and Packaging 1",10:00-12:00,10:52,Rose 2,Topological Descriptor-Guided Machine Learning for Thermal Transport Design in Complex Inorganic Materials,"Yen-Ju Wu, Ming-Yuan Hung, Hong-Kang Tian, Yibin Xu","National Institute for Materials Science, Japan [1] National Cheng Kung University, Taiwan [2]",/home/tsai/YoshiNAS/Tasks/APCOT2026_Proceedings/APCOT_Abstract/0265.pdf,1,16,16
0288,0288,"Monday, June 22",OR1-1B Acoustic and RF MEMS,10:00-12:00,10:52,Rose 1,CMOS-MEMS NDoF Tuned-Mass-Damper (TMD) Resonators for Multi- Frequency Applications,"Chiao-Jen Hsueh, Chun-Pu Tsai, Ting-Yi Chen, Wei-Chang Li","National Taiwan University, Taiwan",/home/tsai/YoshiNAS/Tasks/APCOT2026_Proceedings/APCOT_Abstract/0288.pdf,2,17,18
0323,0323,"Monday, June 22",OR1-1A Bio/Medical Sensors and MEMS/NEMS 1,10:00-12:00,10:54,Grand Ballroom 1,Heavy Metal-Assisted CRISPR-Cas12a FET Platform for Rapid Detection of Drug Resistance Genes in Pseudomonas aeruginosa,"Tsung-Chen Hsieh, Guan-Cheng Zeng, Chia-Kai Lin, Yi-Fang Wu, Yu-Lin Wang","National Tsing Hua University, Taiwan",/home/tsai/YoshiNAS/Tasks/APCOT2026_Proceedings/APCOT_Abstract/0323.pdf,2,19,20
0123,0123,"Monday, June 22","OR1-1C Material, Fabrication, and Packaging 1",10:00-12:00,11:04,Rose 2,Kirigami-inspired 4D Printing,"Taiki Sugihara, Michinao Hashimoto, Eiji Iwase","Waseda University, Japan [1] Singapore University of Technology and Design, Singapore [2]",/home/tsai/YoshiNAS/Tasks/APCOT2026_Proceedings/APCOT_Abstract/0123.pdf,2,21,22
0133,0133,"Monday, June 22",OR1-1D Physical Sensors and MEMS/NEMS 1,10:00-12:00,11:04,Rose 3,Novel high-order mode PMUTs in liquid for time-of-flight applications,"Ching-Hsin Hsu, Sheng-Shian Li","National Tsing Hua University, Taiwan",/home/tsai/YoshiNAS/Tasks/APCOT2026_Proceedings/APCOT_Abstract/0133.pdf,2,23,24
0179,0179,"Monday, June 22",OR1-1E Chemical Sensors and MEMS/NEMS 1,10:00-12:00,11:04,Plum Blossom 2,A Non-Contact CMOS Complex Dielectric Constant Sensor System with Tunable Operating Frequency for Chemical Analysis,"Min-Yen Hsieh, Jung-Cheng Liao, Ya-Fu Liou, Hua-En Shih, Yu-Wei Chiang, Sheng-Yu Peng, Chii-Wann Lin","National Taiwan University, Taiwan [1] National Taiwan University of Science and Technology, Taiwan [2]",/home/tsai/YoshiNAS/Tasks/APCOT2026_Proceedings/APCOT_Abstract/0179.pdf,2,25,26
0289,0289,"Monday, June 22",OR1-1B Acoustic and RF MEMS,10:00-12:00,11:04,Rose 1,Enhanced Frequency Tunability of CMOS-MEMS Comb-Driven Folded-Beam Resonators via Non-Uniform Comb Design,"Yi-Xiang Chen, Wei-Chang Li","National Taiwan University, Taiwan",/home/tsai/YoshiNAS/Tasks/APCOT2026_Proceedings/APCOT_Abstract/0289.pdf,2,27,28
0130,0130,"Monday, June 22",OR1-1A Bio/Medical Sensors and MEMS/NEMS 1,10:00-12:00,11:06,Grand Ballroom 1,Rapid Oral Cancer Screening via Salivary Exosomes Using a Shear-Horizontal Surface Acoustic Wave Biosensing Platform,"Dhrubajyoti Das, Hiromi Yatsuda, Wei-Fan Chiang, Tai-Shan Cheng, Chi-Ying F. Huang, Dar-Bin Shieh, Han-Sheng Chuang","National Cheng Kung University, Taiwan [1] tst Biomedical Electronics Co., Ltd., Taiwan [2] Chi Mei Medical Center, Taiwan [3] National Yang Ming Chiao Tung University, Taiwan [4] National Cheng Kung University Hospital, Taiwan [5]",/home/tsai/YoshiNAS/Tasks/APCOT2026_Proceedings/APCOT_Abstract/0130.pdf,3,29,31
0126,0126,"Monday, June 22","OR1-1C Material, Fabrication, and Packaging 1",10:00-12:00,11:16,Rose 2,From Metal to Polymer: Table-tilting type 5-Axis Micromilling Strategies for 3D Microfluidic Device Fabrication,"C.W. Tsao, C. Y. Kuan, Y.Q. Zhao","National Central University, Taiwan",/home/tsai/YoshiNAS/Tasks/APCOT2026_Proceedings/APCOT_Abstract/0126.pdf,2,32,33
0148,0148,"Monday, June 22",OR1-1D Physical Sensors and MEMS/NEMS 1,10:00-12:00,11:16,Rose 3,Miniaturization of High-Sensitivity Gold Single-axis MEMS Accelerometer by Adjusting Spring Constant and Hole Size of Perforated Proof-mass,"T. Yamada, C. Mukaide, T. Kurioka, K. Machida, T. M. Chang, C. Chen, Y. Miyake, M. Sone, H. Ito","Institute of Science Tokyo, Japan",/home/tsai/YoshiNAS/Tasks/APCOT2026_Proceedings/APCOT_Abstract/0148.pdf,2,34,35
0284,0284,"Monday, June 22",OR1-1E Chemical Sensors and MEMS/NEMS 1,10:00-12:00,11:16,Plum Blossom 2,Evaluation of Hysteresis in Au/Ta₂O₅/Pd-based Hetero-core Optical Fiber Hydrogen Sensors,"T. Yoshimoto, A. Hosoki, M. Nishiyama","Soka University, Japan [1] Akita University, Japan [2]",/home/tsai/YoshiNAS/Tasks/APCOT2026_Proceedings/APCOT_Abstract/0284.pdf,2,36,37
0298,0298,"Monday, June 22",OR1-1B Acoustic and RF MEMS,10:00-12:00,11:16,Rose 1,Near Spurious-Free SH-SAW Resonators on LNOI Platform Via Propagation Angle Twisting and Tilted Electrode,"Yu-Sian Lin, Sung-Yuan Huang, Ya-Ching Yu, Zhi-Qiang Lee, Ming-Huang Li","National Tsing Hua University, Taiwan",/home/tsai/YoshiNAS/Tasks/APCOT2026_Proceedings/APCOT_Abstract/0298.pdf,2,38,39
0131,0131,"Monday, June 22",OR1-1A Bio/Medical Sensors and MEMS/NEMS 1,10:00-12:00,11:18,Grand Ballroom 1,Food-Based Isotropic Edible Wireless Sensor for Gastrointestinal Monitoring,"R. Matsuda, K.Tomita, S. Miura, M. Satoh, T. Kan, H. Onoe","Keio University, Japan [1] The University of Electro-Communications, Japan [2]",/home/tsai/YoshiNAS/Tasks/APCOT2026_Proceedings/APCOT_Abstract/0131.pdf,2,40,41
0140,0140,"Monday, June 22","OR1-1C Material, Fabrication, and Packaging 1",10:00-12:00,11:28,Rose 2,Development of Soft Microgripper Arrays Using Photothermally Driven Hydrogels,"S. Oishi, S. Miura, S. Iwano, Y. Sato, M. Mukai, K. Iijima, S. Maruo","Yokohama National University, Japan",/home/tsai/YoshiNAS/Tasks/APCOT2026_Proceedings/APCOT_Abstract/0140.pdf,2,42,43
0221,0221,"Monday, June 22",OR1-1E Chemical Sensors and MEMS/NEMS 1,10:00-12:00,11:28,Plum Blossom 2,Cleanroom-Free Monolithic PCB EGFET with Integrated Microchamber via Room-Temperature TiO₂ Deposition for Scalable pH Sensing,"Zongqin KE, Amine Bermak, Yi-Kuen LEE","The Hong Kong University of Science and Technology, Hong Kong [1] Hamad Bin Khalifa University, Qatar [2]",/home/tsai/YoshiNAS/Tasks/APCOT2026_Proceedings/APCOT_Abstract/0221.pdf,2,44,45
0337,0337,"Monday, June 22",OR1-1B Acoustic and RF MEMS,10:00-12:00,11:28,Rose 1,Single-chip CMOS-MEMS Oscillators Based on 0.18 μm CMOS for Timing Applications,"Yu-Hung Lee, Chan-Chen Yu, Pin-Hsien Lee, Chia-Yi Hsiao, Sheng-Shian Li","National Tsing Hua University, Taiwan",/home/tsai/YoshiNAS/Tasks/APCOT2026_Proceedings/APCOT_Abstract/0337.pdf,2,46,47
0340,0340,"Monday, June 22",OR1-1D Physical Sensors and MEMS/NEMS 1,10:00-12:00,11:28,Rose 3,High-Entropy Relaxor Ferroelectrics on Flexible mica substrate for Advanced Sensors,"Yu-En Pan, Yu-Hao Tu, Mengyao Xiao, Ying-Hao Chu","National Tsing Hua University, Taiwan [1] National University of Singapore, Singapore [2]",/home/tsai/YoshiNAS/Tasks/APCOT2026_Proceedings/APCOT_Abstract/0340.pdf,2,48,49
0144,0144,"Monday, June 22",OR1-1A Bio/Medical Sensors and MEMS/NEMS 1,10:00-12:00,11:30,Grand Ballroom 1,Effect of Polarity on Single-cell Electroporation in a Microfluidic device with,"K. Vijitnukoonpradit, N. Panklang, N. Phansiri, B. Techaumnat","Chulalongkorn University, Thailand [1] Rajamangala University of Technology Thanyaburi, Thailand [2] Ubon Ratchathani University, Thailand [3]",/home/tsai/YoshiNAS/Tasks/APCOT2026_Proceedings/APCOT_Abstract/0144.pdf,2,50,51
0149,0149,"Monday, June 22","OR1-1C Material, Fabrication, and Packaging 1",10:00-12:00,11:40,Rose 2,Immersion Laser Functional Thinning of Freestanding Metal Foils for MEMS Hot-Film Thermal Sensors,"M. N. Mohamed Zukri, M. S. Al Farisi, Y. Hasegawa, M. Shikida","Hiroshima City University, Japan [1], Kyushu Institute of Technology, Japan [2]",/home/tsai/YoshiNAS/Tasks/APCOT2026_Proceedings/APCOT_Abstract/0149.pdf,2,52,53
0153,0153,"Monday, June 22",OR1-1E Chemical Sensors and MEMS/NEMS 1,10:00-12:00,11:40,Plum Blossom 2,Development of a Micro Gas Sensor with a Suspended Micro Heater for Nitrogen Dioxide Detection,"Chia-Hsu Hsieh, Cheng-Chuan Chou, Hao-Hsuan Hung, Ya-Han Lin, Wei-Chieh Sun, Ping-Ju Wang, Chuan-Chun Liu, Yao-Ching Fang, I-Yu Huang","National Sun Yat-sen University, Taiwan 12:00-13:00",/home/tsai/YoshiNAS/Tasks/APCOT2026_Proceedings/APCOT_Abstract/0153.pdf,2,54,55
0214,0214,"Monday, June 22",OR1-1D Physical Sensors and MEMS/NEMS 1,10:00-12:00,11:40,Rose 3,A Monolithic CMOS-Search-Coil-Magnetometer Based Inductive Tracking Platform Using Magnetic Shunt Physics for Real-Time Object Localization and Material Identification,"Hadi Tavakkoli, Moaaz Ahmed, Amine Bermak, Yi-Kuen Lee","The Hong Kong University of Science and Technology, Hong Kong [1] Hamad Bin Khalifa University, Qatar [2]",/home/tsai/YoshiNAS/Tasks/APCOT2026_Proceedings/APCOT_Abstract/0214.pdf,2,56,57
0364,0364,"Monday, June 22",OR1-1B Acoustic and RF MEMS,10:00-12:00,11:40,Rose 1,Spurious-Free LNOI SH-SAW GHz Resonators for Impedance Transformers,"Zhi Qiang Lee, Ya-Ching Yu, Sung-Yuan Huang, Cheng-Chien Lin, Yi-Cheng Liao, Ming-Huang Li","National Tsing Hua University, Taiwan",/home/tsai/YoshiNAS/Tasks/APCOT2026_Proceedings/APCOT_Abstract/0364.pdf,2,58,59
0145,0145,"Monday, June 22",OR1-1A Bio/Medical Sensors and MEMS/NEMS 1,10:00-12:00,11:42,Grand Ballroom 1,Laser-Induced Biomimetic Micro-texturing for Oleophobic Surfaces,"R. Goto, M. Yamaguchi","Shinshu University, Japan",/home/tsai/YoshiNAS/Tasks/APCOT2026_Proceedings/APCOT_Abstract/0145.pdf,2,60,61
0446,0446,"Monday, June 22",OR1-2B Self Organized 1 In-body/Intracellular Cybernetic Avatars,13:00-14:30,13:00,Rose 1,A Stomach-Acid-Charged Tablet-Type Digital Pill with In-Body Monitoring,Kiichi Niitsu,"Kyoto University, Japan",/home/tsai/YoshiNAS/Tasks/APCOT2026_Proceedings/APCOT_Abstract/0446.pdf,2,62,63
0435,0435,"Monday, June 22",OR1-2B Self Organized 1 In-body/Intracellular Cybernetic Avatars,13:00-14:30,13:15,Rose 1,Development and In Vivo Telemetry Demonstration of Ingestible Polyaniline- Based Conductometric pH Sensor,"S. Yoshida, I. Sugasawa, H. Miyaguchi, T. Ito, Y. Miura, M. Fujishiro","Shibaura Institute of Technology, Japan",/home/tsai/YoshiNAS/Tasks/APCOT2026_Proceedings/APCOT_Abstract/0435.pdf,2,64,65
0440,0440,"Monday, June 22",OR1-2B Self Organized 1 In-body/Intracellular Cybernetic Avatars,13:00-14:30,13:30,Rose 1,Design of Chemical Transducers for Bioorthogonal Signaling,"K. Dodo, S. Yoshimoto, Y. Shirasaki, T. Kamatani, S. Yotsumoto, S. S. Sugano, S. Sakuma, Y. Yamanishi","RIKEN, Japan",/home/tsai/YoshiNAS/Tasks/APCOT2026_Proceedings/APCOT_Abstract/0440.pdf,2,66,67
0450,0450,"Monday, June 22",OR1-2A Energy and Power and MEMS/NEMS,13:00-14:30,13:30,Grand Ballroom 1,Hierarchical Microstructure Engineering and Surface Area Optimization for 3D- Printed Triboelectric Nanogenerators,"Wei-Cheng Wang, Chen-Fang Sun, Pin-Chuan Chen","National Taiwan University of Science and Technology, Taiwan",/home/tsai/YoshiNAS/Tasks/APCOT2026_Proceedings/APCOT_Abstract/0450.pdf,2,68,69
0124,0124,"Monday, June 22",OR1-2C Optical MEMS 1,13:00-14:30,13:40,Rose 2,Silicon Subwavelength Grating Waveguides with High Flexibility and Low Bending Loss toward Terahertz Photonic Integrated Circuits,"K. Chiba, Y. Kanamori","Tohoku University, Japan",/home/tsai/YoshiNAS/Tasks/APCOT2026_Proceedings/APCOT_Abstract/0124.pdf,2,70,71
0189,0189,"Monday, June 22",OR1-2E Bio/Medical Sensors and MEMS/NEMS 2,13:00-14:30,13:40,Plum Blossom 2,Smartphone-Enabled Point-of-Care Creatinine Biosensor for Bovine Muscle Mass Monitoring in Dairy Farming,"Nikhil Mathew, Yao-Luo Lin, R.K. Rakesh Kumar, Cheng-Hsin Chuang","National Sun Yat-sen University, Taiwan",/home/tsai/YoshiNAS/Tasks/APCOT2026_Proceedings/APCOT_Abstract/0189.pdf,2,72,73
0257,0257,"Monday, June 22",OR1-2D Physical Sensors and MEMS/NEMS 2,13:00-14:30,13:40,Rose 3,In-situ Interfacial Rheometry of Yield Stress Fluids via Soft MEMS Tactile Sensing: Bridging Tribology and Bulk Rheology,"R. Sano, A. Kusano, T. Abe, A. Ushida, M. Sohgawa","Niigata University, Japan",/home/tsai/YoshiNAS/Tasks/APCOT2026_Proceedings/APCOT_Abstract/0257.pdf,2,74,75
0156,0156,"Monday, June 22",OR1-2A Energy and Power and MEMS/NEMS,13:00-14:30,13:42,Grand Ballroom 1,SOI-based MEMS Vibrational Energy Harvester using Self-Assembled Electrets,"Shuma Kawamura, Yuichiro Sunagawa, Hiroki Naruo, Satoshi Maruyama, Yuya Tanaka, Daisuke Yamane","Ritsumeikan University, Japan [1] Yokogawa Solution Service Corporation, Japan [2] Gunma University, Japan [3]",/home/tsai/YoshiNAS/Tasks/APCOT2026_Proceedings/APCOT_Abstract/0156.pdf,2,76,77
0441,0441,"Monday, June 22",OR1-2B Self Organized 1 In-body/Intracellular Cybernetic Avatars,13:00-14:30,13:45,Rose 1,Engineering signaling systems of plant hormones as triggers and readouts of in-body avatar cells,"Shigeo S. Sugano, Jutapat Romsuk, Mika Ikegaya, Tze Mun Loo, Kosuke Dodo, Aki Hanyu, Atsushi Hijikata, Yoko Yamanishi, Satoshi Yotsumoto, Yoshitaka Shirasaki, Shinya Sakuma, Akiko Takahashi","National Institute of Advanced Industrial Science and Technology, Japan",/home/tsai/YoshiNAS/Tasks/APCOT2026_Proceedings/APCOT_Abstract/0441.pdf,2,78,79
0197,0197,"Monday, June 22",OR1-2C Optical MEMS 1,13:00-14:30,13:52,Rose 2,Optically Pumped GeSn Ridge Waveguide Lasers for Silicon Photonics,"R. Bansal, G. E. Chang","National Yang Ming Chiao Tung University, Taiwan",/home/tsai/YoshiNAS/Tasks/APCOT2026_Proceedings/APCOT_Abstract/0197.pdf,3,80,82
0200,0200,"Monday, June 22",OR1-2E Bio/Medical Sensors and MEMS/NEMS 2,13:00-14:30,13:52,Plum Blossom 2,"Proposal and demonstration of Multi-Chip Ion Imaging Device Enabling Measurement of Chemical Information over a Wide Area Otono Uchizono, Toshiki Kitamura, Yasuyuki Kimura, Takeshi Hizawa, Daisuke Akai, Yoshiko","O. Uchizono, T. Kitamura, Y. Kimura, T. Hizawa, D. Akai, Y. Noda, H. Doi, T. Horio, Yong-Joon Choi","Toyohashi University of Technology, Japan",/home/tsai/YoshiNAS/Tasks/APCOT2026_Proceedings/APCOT_Abstract/0200.pdf,2,83,84
0258,0258,"Monday, June 22",OR1-2D Physical Sensors and MEMS/NEMS 2,13:00-14:30,13:52,Rose 3,Sensitivity-Enhanced Monolithic CMOS-MEMS CMUT Receiver Front-End Using Low-Temperature ALD Alumina,"Tzu-Yun Huang, Chih-Yuan Hsiao, Ming-Huang Li","National Tsing Hua University, Taiwan",/home/tsai/YoshiNAS/Tasks/APCOT2026_Proceedings/APCOT_Abstract/0258.pdf,2,85,86
0187,0187,"Monday, June 22",OR1-2A Energy and Power and MEMS/NEMS,13:00-14:30,13:54,Grand Ballroom 1,Effect of Increasing Moving Mass on the Output of an Inside-out Type Vibrational Energy Harvester,"Shuntaro Miyazato, Hiroaki Honma, Hiroshi Toshiyoshi, Akio Uesugi, Koji Sugano, Yoshitada Isono","Kobe University, Japan [1], The University of Tokyo, Japan [2]",/home/tsai/YoshiNAS/Tasks/APCOT2026_Proceedings/APCOT_Abstract/0187.pdf,2,87,88
0442,0442,"Monday, June 22",OR1-2B Self Organized 1 In-body/Intracellular Cybernetic Avatars,13:00-14:30,14:00,Rose 1,Avatar cells production based on electromechanical poration by electrically- induced bubbles,"Nobutoshi Ota, Kei Tateishi, Yoko Yamanishi","Kyushu University, Japan",/home/tsai/YoshiNAS/Tasks/APCOT2026_Proceedings/APCOT_Abstract/0442.pdf,2,89,90
0201,0201,"Monday, June 22",OR1-2E Bio/Medical Sensors and MEMS/NEMS 2,13:00-14:30,14:04,Plum Blossom 2,"Enhanced Suppression of Non-Specific Adsorption of Graphene Oxide-Based Resonant Sensor for Label-Free Virus Sensing Viet Khoa Pham [1], Laoyang Yiayee [1], Homare Yoshida [1], Sachiko Sakai [1], Ippei Akita [2],","I.-H. Kwon, Y.-J. Choi, T. Noda, K. Sawada, K. Takahashi","Toyohashi University of Technology, Japan [1], National Institute of Advanced Industrial Science and Technology, Japan [2], Toyo University, Japan [3]",/home/tsai/YoshiNAS/Tasks/APCOT2026_Proceedings/APCOT_Abstract/0201.pdf,2,91,92
0229,0229,"Monday, June 22",OR1-2C Optical MEMS 1,13:00-14:30,14:04,Rose 2,Sandwiched p-Si/PtSi/p-Si Mid-Infrared Photodetector for Efficient Hot-Career Collection at Room Temperature,"Satoshi Nishita, Ashenafi Abadi Elyas, Daiji Noda, Ryo Ohta, Tetsuo Kan","The University of Electro-Communications, Japan [1], Micromachine Center, Japan [2]",/home/tsai/YoshiNAS/Tasks/APCOT2026_Proceedings/APCOT_Abstract/0229.pdf,2,93,94
0264,0264,"Monday, June 22",OR1-2D Physical Sensors and MEMS/NEMS 2,13:00-14:30,14:04,Rose 3,Damped Structure for Q control in CMOS-MEMS Beams,"Jhih-Wei Lin, Chun-Pu Tsai, Nilabh Basu, Wei-Chang Li","National Taiwan University, Taiwan",/home/tsai/YoshiNAS/Tasks/APCOT2026_Proceedings/APCOT_Abstract/0264.pdf,2,95,96
0263,0263,"Monday, June 22",OR1-2A Energy and Power and MEMS/NEMS,13:00-14:30,14:06,Grand Ballroom 1,Piezoelectric Vibration Energy Harvester Based on Bilayer Lithium Niobate,"Wei-Bin Fan, Chih-Yuan Hsiao, Yu-Sian Lin, Zhi-Qiang Lee, Huei-Chun Zeng, Hung-Tsai Wu, Ming-Huang Li","National Tsing Hua University, Taiwan [1], Industrial Technology Research Institute, Taiwan [2]",/home/tsai/YoshiNAS/Tasks/APCOT2026_Proceedings/APCOT_Abstract/0263.pdf,2,97,98
0438,0438,"Monday, June 22",OR1-2B Self Organized 1 In-body/Intracellular Cybernetic Avatars,13:00-14:30,14:15,Rose 1,Droplet-Based Microfluidic Platform for Time-Lapse Monitoring of Cellular Responses to Nano-Artifact Exposure,"S. Sakuma, Y. Yamanishi, K. Dodo, T. Kamatani, Y. Shirasaki, C.-H. D. Tsai, S. Yotsumoto, N. Kimura, S. S. Sugano","Kyushu University, Japan",/home/tsai/YoshiNAS/Tasks/APCOT2026_Proceedings/APCOT_Abstract/0438.pdf,2,99,100
0202,0202,"Monday, June 22",OR1-2E Bio/Medical Sensors and MEMS/NEMS 2,13:00-14:30,14:16,Plum Blossom 2,Development of a Modular Multi-Organ-on-Chip Platform for Drug Screening Applications,"Jui-Wei Chen, Yi-Wun Ke, Yun-Jie Hao, Rou-Ya Zhao, Fan-Gang Tseng","National Tsing Hua University, Taiwan [1], Research Center for Applied Sciences, Academia Sinica, Taiwan [2]",/home/tsai/YoshiNAS/Tasks/APCOT2026_Proceedings/APCOT_Abstract/0202.pdf,2,101,102
0236,0236,"Monday, June 22",OR1-2C Optical MEMS 1,13:00-14:30,14:16,Rose 2,"Control of Strain Response in Modal-Interference-Based Plastic Optical Fiber Sensors via Double-Side Reactive Ion Etching Motoki Kochi [1], Koyo Shibuta [1], Keito Ishida [1], Yuri Wada [2], Taiki Kumagai [3], Keita","S. Shirai, C.-Y. Lo, H. Lee, Y. Mizuno, D. Yamane","Ritsumeikan University, Japan [1], Shibaura Institute of Technology, Japan [2], Yokohama National University, Japan [3], National Tsing Hua University, Taiwan [4]",/home/tsai/YoshiNAS/Tasks/APCOT2026_Proceedings/APCOT_Abstract/0236.pdf,2,103,104
0273,0273,"Monday, June 22",OR1-2D Physical Sensors and MEMS/NEMS 2,13:00-14:30,14:16,Rose 3,Bimodal Physical Sensor for Real-Time Quantitative Softness Evaluation in Epoxy Molding Compound Packaging,"D. H. Lee, J. W. Choi","Chung-Aug University, Korea",/home/tsai/YoshiNAS/Tasks/APCOT2026_Proceedings/APCOT_Abstract/0273.pdf,2,105,106
0329,0329,"Monday, June 22",OR1-2A Energy and Power and MEMS/NEMS,13:00-14:30,14:18,Grand Ballroom 1,Performance Enhancement of a Frequency Conversion Interposer for MEMS Vibration Energy Harvesters using Bistable Buckled Beams,"K. Morishita, Y. Takata, Y. Tanaka, G. Hashiguchi, H. Toshiyoshi, T. Suzuki","Gunma University, Japan [1], Shizuoka University, Japan [2], The University of Tokyo, Japan [3]",/home/tsai/YoshiNAS/Tasks/APCOT2026_Proceedings/APCOT_Abstract/0329.pdf,2,107,108
0134,PO1-02,"Monday, June 22",Poster Session PO1,14:30-16:00,14:30,Grand Ballroom 2,On-Chip Calorimetric Thermal Flow-Rate Sensor Using FEP Thin-Film for Microfluidic System,"Yen-Hsi Chen, Zhong-Wei Lin, Kao-Mai Shen, Hiroyuki Fujita, Sheng-Shian Li, Kyojiro Morikawa, Takehiko Kitamori, Chihchen Chen","National Tsing Hua University, Taiwan",/home/tsai/YoshiNAS/Tasks/APCOT2026_Proceedings/APCOT_Abstract/0134.pdf,2,109,110
0137,PO1-03,"Monday, June 22",Poster Session PO1,14:30-16:00,14:30,Grand Ballroom 2,Development of an Innovative Nanocomposite Electrochemical Biosensor for Monitoring Immune Cytokines Associated with PD-L1 Exosome–Mediated Immunoregulation,"Wei-Zhe Jian, Yi-Kuang Yen","National Taipei University of Technology, Taiwan",/home/tsai/YoshiNAS/Tasks/APCOT2026_Proceedings/APCOT_Abstract/0137.pdf,1,111,111
0139,PO1-04,"Monday, June 22",Poster Session PO1,14:30-16:00,14:30,Grand Ballroom 2,Non-Enzymatic Electrochemical Detection of Uric Acid Using a Molecularly Imprinted Polymer Electrode,"Hironaga Kawai, Daigo Saito, Hiroyuki Kudo","Meiji University, Japan",/home/tsai/YoshiNAS/Tasks/APCOT2026_Proceedings/APCOT_Abstract/0139.pdf,2,112,113
0159,PO1-06,"Monday, June 22",Poster Session PO1,14:30-16:00,14:30,Grand Ballroom 2,Copper Ion Sensing Based on the Principle of LSPR using Au@AgNPs-Go,"Fei-Li Cheng, Chun-Yu Li","National Yunlin University of Science and Technology, Taiwan",/home/tsai/YoshiNAS/Tasks/APCOT2026_Proceedings/APCOT_Abstract/0159.pdf,2,114,115
0163,PO1-07,"Monday, June 22",Poster Session PO1,14:30-16:00,14:30,Grand Ballroom 2,Biodegradable MXene-Bamboo Cellulose Paper Electrodes Enabling Green Wearable Transducers and EMG-Driven Exoskeleton Control,"Tung-Li Hung, Chia-Hao Kuo, Pulikkutty Subramaniyan, Shan-Chu Yu, Tzu-En Lin","National Yang Ming Chiao Tung University, Taiwan [1], National Taiwan University, Taiwan [2]",/home/tsai/YoshiNAS/Tasks/APCOT2026_Proceedings/APCOT_Abstract/0163.pdf,2,116,117
0171,PO1-08,"Monday, June 22",Poster Session PO1,14:30-16:00,14:30,Grand Ballroom 2,Gold nanoparticles–modified graphene oxide for PH sensing,"Yu-Hsi Chang, Chun-Yu Li","National Yunlin University of Science and Technology, Taiwan",/home/tsai/YoshiNAS/Tasks/APCOT2026_Proceedings/APCOT_Abstract/0171.pdf,2,118,119
0178,PO1-09,"Monday, June 22",Poster Session PO1,14:30-16:00,14:30,Grand Ballroom 2,Non-Invasive Complex Dielectric Constant Sensing System for Real-Time Monitoring in Bioprocesses,"Hua-En Shih, Ya-Fu Liou, Yu-Wei Chiang, Kun-Ta Wu, Sheng-Yu Peng, Chii-Wann Lin","National Taiwan University, Taiwan [1], Industrial Technology Research Institute, Taiwan [2], National Yang Ming Chiao Tung University, Taiwan [3]",/home/tsai/YoshiNAS/Tasks/APCOT2026_Proceedings/APCOT_Abstract/0178.pdf,2,120,121
0180,PO1-10,"Monday, June 22",Poster Session PO1,14:30-16:00,14:30,Grand Ballroom 2,Clinical Evaluation of a Rapid Urine Uric Acid Biosensor with Readout Circuit for Early Detection of Arthritis,"Tzu-Wei Chung, Wei-Lun Yen, Bing-Hong Chen, Yi-Huan Chang, Yun-Yu Hsieh, Wei-Cheng Lin, and Mei-Ching Yu","Chang Gung University, Taiwan [1], Chang Gung Memorial Hospital, Taiwan [2]",/home/tsai/YoshiNAS/Tasks/APCOT2026_Proceedings/APCOT_Abstract/0180.pdf,2,122,123
0195,PO1-11,"Monday, June 22",Poster Session PO1,14:30-16:00,14:30,Grand Ballroom 2,In Vitro Validation of a Balloon Catheter MEMS Flow Sensor System Using Body Temperature Regulated Respiratory Airflow,"J. Yoshida, M. S. Al Farisi, Y. Hasegawa, M. Matsushima, T. Kawabe, M. Shikida","Hiroshima City University, Japan [1], Kyushu Institute of Technology, Japan [2], Nagoya University, Japan [3]",/home/tsai/YoshiNAS/Tasks/APCOT2026_Proceedings/APCOT_Abstract/0195.pdf,2,124,125
0198,PO1-12,"Monday, June 22",Poster Session PO1,14:30-16:00,14:30,Grand Ballroom 2,Scattered-Light-Based Optofluidic Waveguide Sensor for High-Resolution Biomedical Sensing,"D. Barshilia, G. E. Chang","National Chung Cheng University, Taiwan [1], National Yang Ming Chiao Tung University, Taiwan [2]",/home/tsai/YoshiNAS/Tasks/APCOT2026_Proceedings/APCOT_Abstract/0198.pdf,3,126,128
0204,PO1-15,"Monday, June 22",Poster Session PO1,14:30-16:00,14:30,Grand Ballroom 2,Biofluorometric Acetone Sensor for Exhaled Breath Condensates and Its Evaluation,"Geng Zhang, Kenta Ichikawa, Kenta Iitani, Yoshikazu Nakajima, Kohji Mitsubayashi","Institute of Science Tokyo, Japan",/home/tsai/YoshiNAS/Tasks/APCOT2026_Proceedings/APCOT_Abstract/0204.pdf,2,129,130
0109,PO1-19,"Monday, June 22",Poster Session PO1,14:30-16:00,14:30,Grand Ballroom 2,Development of Highly Sensitive Ethanol Sensing Using MEMS Technology,"C. H. Hsieh, B. Y. Liu, R. P. Yang, C. C. Chou","National Sun Yat-sen University, Taiwan",/home/tsai/YoshiNAS/Tasks/APCOT2026_Proceedings/APCOT_Abstract/0109.pdf,2,131,132
0138,PO1-20,"Monday, June 22",Poster Session PO1,14:30-16:00,14:30,Grand Ballroom 2,A Portable Graphene/ZnO Nanocomposite Paper-Based Chemiresistive Sensor for Lead Ion Detection,"Yi-En Yang, Yi-Kuang Yen","National Taipei University of Technology, Taiwan",/home/tsai/YoshiNAS/Tasks/APCOT2026_Proceedings/APCOT_Abstract/0138.pdf,1,133,133
0141,PO1-21,"Monday, June 22",Poster Session PO1,14:30-16:00,14:30,Grand Ballroom 2,Enhancement of CMOS-MEMS Fringe-Field Capacitive Humidity Sensor Sensitivity via Electrode Design,"Y. L. Hsu, Y. C. Li, Y. Y. Huang, W. L. Fang","National Tsing Hua University, Taiwan",/home/tsai/YoshiNAS/Tasks/APCOT2026_Proceedings/APCOT_Abstract/0141.pdf,2,134,135
0151,PO1-22,"Monday, June 22",Poster Session PO1,14:30-16:00,14:30,Grand Ballroom 2,Novel MIM Thin-Film Ultraviolet Sensor,"You-Jun Luo, I-Nan Chang","Feng Chia University, Taiwan",/home/tsai/YoshiNAS/Tasks/APCOT2026_Proceedings/APCOT_Abstract/0151.pdf,2,136,137
0452,PO1-23,"Monday, June 22",Poster Session PO1,14:30-16:00,14:30,Grand Ballroom 2,Influence of Magnetic Fields on the Formation Kinetics of Copper(II) Hydroxide: Quantitative Concentration Analysis via Rate-Curve Integration,"Yi Lee, Chiung-Yi Huang, Che-Hsin Lin","National Sun Yat-sen University, Taiwan",/home/tsai/YoshiNAS/Tasks/APCOT2026_Proceedings/APCOT_Abstract/0452.pdf,2,138,139
0184,PO1-24,"Monday, June 22",Poster Session PO1,14:30-16:00,14:30,Grand Ballroom 2,Modification of Copper Nanowire for Antibiofouling Dissolved Oxygen Sensing Devices and High Sensitivity Nitrate Detection,"Brasstira Yuva Wardhana, Chieh Li, Jing-Ju Ho, Jung-Hsin Jen, Pin-Hsuan Lin, Mia Rinawati, KuanJung Chen, Min-Hsin Yeh","National Taiwan University of Science and Technology, Taiwan [1], Might Electronic Co, Ltd, Taiwan [2]",/home/tsai/YoshiNAS/Tasks/APCOT2026_Proceedings/APCOT_Abstract/0184.pdf,2,140,141
0206,PO1-25,"Monday, June 22",Poster Session PO1,14:30-16:00,14:30,Grand Ballroom 2,Development of CuNi-LDH/BTC/MWCNT Nanocomposite Non-enzymatic Electrochemical Sensor for Rapid Detection of Diphenylamine in Agricultural Products,"Chih-Fang Lai, Yu-Chi Wang, Ren-Jei Chung","National Taipei University of Technology, Taiwan",/home/tsai/YoshiNAS/Tasks/APCOT2026_Proceedings/APCOT_Abstract/0206.pdf,1,142,142
0218,PO1-26,"Monday, June 22",Poster Session PO1,14:30-16:00,14:30,Grand Ballroom 2,Dual-Mode Sweat Urea Sensor Based on Ti3C2Tx MXene/CuO Nanocomposites with Integrated Colorimetric–Electrochemical Detection and Data-Driven Optimization,"T. Laochai, H. Nishihar, J. Qin, M. Okhawilaid, J. Wang, N. Rodthongkum, W. Sukmas","Chulalongkorn University, Thailand [1], Tohoku University, Japan [2], University of California San Diego, USA [3]",/home/tsai/YoshiNAS/Tasks/APCOT2026_Proceedings/APCOT_Abstract/0218.pdf,2,143,144
0371,PO1-28,"Monday, June 22",Poster Session PO1,14:30-16:00,14:30,Grand Ballroom 2,Indium Oxide Nanobrick Base Portable Gas Sensor for Indoor Environmental Ozone Monitoring,"Jing-Cheng Hsu, Heh-Nan Lin","National Tsing Hua University, Taiwan",/home/tsai/YoshiNAS/Tasks/APCOT2026_Proceedings/APCOT_Abstract/0371.pdf,2,145,146
0103,PO1-31,"Monday, June 22",Poster Session PO1,14:30-16:00,14:30,Grand Ballroom 2,Facile Fabrication of Titanium Probes and Cantilevers via Electrolytic Etching,"Y.Takano, Y.QIN, K.Ogiwara, N.Soma, M.Sohgawa, T.Abe","Niigata University, Japan",/home/tsai/YoshiNAS/Tasks/APCOT2026_Proceedings/APCOT_Abstract/0103.pdf,2,147,148
0110,PO1-32,"Monday, June 22",Poster Session PO1,14:30-16:00,14:30,Grand Ballroom 2,High Performance and Long-Life Electrochemical Reference Electrode Fabricated with High-Density AgCl and AgBr Structure Transformation,"Bin-Wey Lu, Che-Hsin Lin","National Sun Yat-sen University, Taiwan",/home/tsai/YoshiNAS/Tasks/APCOT2026_Proceedings/APCOT_Abstract/0110.pdf,2,149,150
0127,PO1-33,"Monday, June 22",Poster Session PO1,14:30-16:00,14:30,Grand Ballroom 2,Wireless QCR Sensor with Electrodeless Electrical Feedthrough Utilizing a High-Dielectric Crystal Substrate,"T.Yamanaka, H.Inaba, S.Deto, M.Sohgawa, T. Abe","Niigata University, Japan",/home/tsai/YoshiNAS/Tasks/APCOT2026_Proceedings/APCOT_Abstract/0127.pdf,2,151,152
0188,PO1-35,"Monday, June 22",Poster Session PO1,14:30-16:00,14:30,Grand Ballroom 2,Analysis of Aging Patterns and Mechanisms According to Temperature of BaTiO3 Multi-Layer Ceramic Capacitor,"Tae-Soo Yeo, Wook Jo","Ulsan National Institute of Science and Technology, Korea",/home/tsai/YoshiNAS/Tasks/APCOT2026_Proceedings/APCOT_Abstract/0188.pdf,2,153,154
0194,PO1-36,"Monday, June 22",Poster Session PO1,14:30-16:00,14:30,Grand Ballroom 2,Laser Induced Graphene Thermal Airflow Sensor for Microcatheter Actuator Respiration Measurement Inside Lung Bronchioles,"A. Hirayama, M. S. Al Farisi, Y. Hasegawa, M. Matsushima, T. Kawabe, M. Shikida","Hiroshima City University, Japan [1], Kyushu Institute of Technology, Japan [2], Nagoya University, Japan [3]",/home/tsai/YoshiNAS/Tasks/APCOT2026_Proceedings/APCOT_Abstract/0194.pdf,2,155,156
0175,PO1-39,"Monday, June 22",Poster Session PO1,14:30-16:00,14:30,Grand Ballroom 2,Surface Modification of Nanofluidic Channels and Nano-Valve for Reversed- Phase fL Chromatography,"Wei-Jen Chien, Chihchen Chen, Yukata Kazoe, Takehiko Kitamori, Kyojiro Morikawa","National Tsing Hua University, Taiwan [1], Keio University, Japan [2], Lund University, Sweden [3], The University of Tokyo, Japan [4]",/home/tsai/YoshiNAS/Tasks/APCOT2026_Proceedings/APCOT_Abstract/0175.pdf,2,157,158
0240,PO1-41,"Monday, June 22",Poster Session PO1,14:30-16:00,14:30,Grand Ballroom 2,Liquid Flow Enhancement through the Electro-Wetting in Graphene nanochannel,"K. T. Chen, J. K. Huang","National Central University, Taiwan",/home/tsai/YoshiNAS/Tasks/APCOT2026_Proceedings/APCOT_Abstract/0240.pdf,2,159,160
0278,PO1-42,"Monday, June 22",Poster Session PO1,14:30-16:00,14:30,Grand Ballroom 2,Engineering Bilayer 2D MOF/Metallic MoS2 Nanofluidic Ion Channels Enabling Rectified Ion Transport for Ultrahigh Osmotic Energy Harvesting,"Fery Prasetyo, Li-Hsien Yeh","National Taiwan University of Science and Technology, Taiwan",/home/tsai/YoshiNAS/Tasks/APCOT2026_Proceedings/APCOT_Abstract/0278.pdf,2,161,162
0121,PO1-45,"Monday, June 22",Poster Session PO1,14:30-16:00,14:30,Grand Ballroom 2,Luminance-Induced Acceleration of Degradation in Green Quantum Dot Color Conversion Layers,"Yu-Xiang Sun, Chen-En Tsai, Yu-Cheng Lin, Cheng-Han Lee, Chun-Yu Li","National Yunlin University of Science and Technology, Taiwan",/home/tsai/YoshiNAS/Tasks/APCOT2026_Proceedings/APCOT_Abstract/0121.pdf,2,163,164
0143,PO1-46,"Monday, June 22",Poster Session PO1,14:30-16:00,14:30,Grand Ballroom 2,CMOS-MEMS Thermoelectric IR Sensor with SHA absorber,"Yu-Nuo Liu, Zhi-Xuan Dai","National Chung Hsing University, Taiwan",/home/tsai/YoshiNAS/Tasks/APCOT2026_Proceedings/APCOT_Abstract/0143.pdf,2,165,166
0102,PO1-48,"Monday, June 22",Poster Session PO1,14:30-16:00,14:30,Grand Ballroom 2,Biaxial Optical Cantilever by Using 2D Diffraction Grating and Sampling Moiré Method,"Soya Sato, Toshihiro Shiratori, Yuki Okamoto, Yusuke Takei, Hidetoshi Takahashi","Keio University, Japan [1], National Institute of Advanced Industrial Science and Technology, Japan [2]",/home/tsai/YoshiNAS/Tasks/APCOT2026_Proceedings/APCOT_Abstract/0102.pdf,2,167,168
0104,PO1-49,"Monday, June 22",Poster Session PO1,14:30-16:00,14:30,Grand Ballroom 2,Enhancement of Thermal Resistance and Thermal Capacity in CMOS-MEMS Airflow Sensing Hub for Fast Response and Energy Efficiency,"Ming-Hsuan Huang, Yu-Lin Hsu, Yuanyuan Huang, Yung-Chen Li, Mei-Feng Lai, Weileun Fang","National Tsing Hua University, Taiwan",/home/tsai/YoshiNAS/Tasks/APCOT2026_Proceedings/APCOT_Abstract/0104.pdf,2,169,170
0117,PO1-50,"Monday, June 22",Poster Session PO1,14:30-16:00,14:30,Grand Ballroom 2,Detection Characteristics in Wide Range Gold Proof-Mass Single-Axis MEMS Capacitive Accelerometer and Its Application,"C. Mukaide, T. Yamada, T. Kurioka, K. Machida, C. Chen, T. M. Chang, Y. Miyake, M. Sone, H. Ito","Institute of Science Tokyo, Japan",/home/tsai/YoshiNAS/Tasks/APCOT2026_Proceedings/APCOT_Abstract/0117.pdf,2,171,172
0192,PO1-56,"Monday, June 22",Poster Session PO1,14:30-16:00,14:30,Grand Ballroom 2,Enhancing Transparency and Piezoelectric Property in Polycrystalline 0.4Pb(Mg1/3Nb2/3)O3–0.22PbZrO3-0.38PbTiO3 Ceramics through Compositional Engineering and Pressureless Sintering,"Yeon-Bee Han, Dong Ho Seo, Wook Jo","Ulsan National Institute of Science and Technology, Korea",/home/tsai/YoshiNAS/Tasks/APCOT2026_Proceedings/APCOT_Abstract/0192.pdf,2,173,174
0437,0437,"Monday, June 22",OR1-3B Self Organized 2 In-Body/Intracellular Cybernetic Avatars,16:00-17:30,16:00,Rose 1,Cyto-Transducers for Visualization of Designed Cell-Cell Communications,"N. Kimura, Y. Yamanishi, S. Sakuma","Tokyo University of Agriculture and Technology, Japan",/home/tsai/YoshiNAS/Tasks/APCOT2026_Proceedings/APCOT_Abstract/0437.pdf,2,175,176
0444,0444,"Monday, June 22",OR1-3B Self Organized 2 In-Body/Intracellular Cybernetic Avatars,16:00-17:30,16:15,Rose 1,Optical Immunotransducer as an Evaluation Platform for Designed Cell-Cell Communication,"Y. Shirasaki, Z. Yang, N. Suzuki, M. Yamagishi, S. S. Sugano, S. Yotsumoto, T. M. Loo, X. Zhou, K. Dodo, S. Sakuma, A. Takahashi, T. Kamatani, Yoko Yamanishi","The University of Tokyo, Japan",/home/tsai/YoshiNAS/Tasks/APCOT2026_Proceedings/APCOT_Abstract/0444.pdf,2,177,178
0439,0439,"Monday, June 22",OR1-3B Self Organized 2 In-Body/Intracellular Cybernetic Avatars,16:00-17:30,16:30,Rose 1,Construction of Bio-Fate: A Platform Integrating Live-Cell Phenotypic Profiling and Precision Manipulation,"T. Kamatani, Y. Yamanishi, K. Dodo, S. Sakuma, Y. Shirasaki, A. Takahashi, S. Yotsumoto, S. S. Sugano","Japanese Foundation for Cancer Research, Japan",/home/tsai/YoshiNAS/Tasks/APCOT2026_Proceedings/APCOT_Abstract/0439.pdf,2,179,180
0108,0108,"Monday, June 22",OR1-3E Bio/Medical Sensors and MEMS/NEMS 3,16:00-17:30,16:40,Plum Blossom 2,Sensitivity Enhancement of EGFET-Based AFP Detection via Localized Thermal Regulation using an Integrated Microheater,"C. H. Hsieh, C. C. Chou, H. Su, Z. Y. Chen, I. Y. Huang","National Sun Yat-sen University, Taiwan",/home/tsai/YoshiNAS/Tasks/APCOT2026_Proceedings/APCOT_Abstract/0108.pdf,2,181,182
0361,0361,"Monday, June 22",OR1-3D Micro/Nano Fluidics 1,16:00-17:30,16:40,Rose 3,Phase Optimization for Efficient Three-Phase Pressure-Driven Droplet Rotation Using Real-Time Position Feedback,"Masashi Kobayashi, Daiki Tanaka, Risa Fujita, Shuichi Shoji, Masahiro Furuya","Waseda University, Japan",/home/tsai/YoshiNAS/Tasks/APCOT2026_Proceedings/APCOT_Abstract/0361.pdf,2,183,184
0432,0432,"Monday, June 22",OR1-3C Novel Application of MEMS/NEMS Systems 1,16:00-17:30,16:40,Rose 2,Ion Wind Electrohydrodynamic Nebulisation for Drug Delivery Application,"V. T. Dau, T. H. Vu","Griffith University, Australia",/home/tsai/YoshiNAS/Tasks/APCOT2026_Proceedings/APCOT_Abstract/0432.pdf,2,185,186
0405,0405,"Monday, June 22",OR1-3B Self Organized 2 In-Body/Intracellular Cybernetic Avatars,16:00-17:30,16:45,Rose 1,Photopatternable Drying-Resistant Conductive Hydrogel Integrated into Organ Models for Functional Evaluation of In-body Cybernetic Avatars,"H. Maruyama, K. Kawafuku, T. Yura, T. Hoshino","Nagoya University, Japan",/home/tsai/YoshiNAS/Tasks/APCOT2026_Proceedings/APCOT_Abstract/0405.pdf,2,187,188
0128,0128,"Monday, June 22",OR1-3C Novel Application of MEMS/NEMS Systems 1,16:00-17:30,16:52,Rose 2,Self-Powered Bioinspired Octopus Suckers for Underwater Object Recognition and Tactile Sensing,"Feng-Chi Pai, Yi-Tsung Su, Lung-Hao Hu, Ching-Te Kuo","National Sun Yat-sen University, Taiwan",/home/tsai/YoshiNAS/Tasks/APCOT2026_Proceedings/APCOT_Abstract/0128.pdf,2,189,190
0237,0237,"Monday, June 22",OR1-3E Bio/Medical Sensors and MEMS/NEMS 3,16:00-17:30,16:52,Plum Blossom 2,"Deep-Brain Implantable Sensor for In Vivo Extracellular Chemical Sensing in the Brain Shogo Fukushima, Yuto Nakamura, Hiroshi Horiuchi, Yasuyuki Kimura, Hideo Doi, Takeshi","Hideo Doi, Takeshi Hizawa, Yoshiko Noda, Tomoko Horio, Yong-Joon Choi, Kazuhiro Takahashi, Toshihiko Noda, Kazuaki Sawada","Toyohashi University of Technology, Japan",/home/tsai/YoshiNAS/Tasks/APCOT2026_Proceedings/APCOT_Abstract/0237.pdf,2,191,192
0384,0384,"Monday, June 22",OR1-3D Micro/Nano Fluidics 1,16:00-17:30,16:52,Rose 3,Low-Concentration Crosslinking Enables Stable Embedded Bioprinting Via a Gelatin–Xanthan Gum Support Bath,"Sara Ito, Mizrab Fatima, Shunya Okamoto, Takayuki Shibata, Tuhin Subhra Santra, Moeto Nagai","Toyohashi University of Technology, Japan",/home/tsai/YoshiNAS/Tasks/APCOT2026_Proceedings/APCOT_Abstract/0384.pdf,2,193,194
0373,0373,"Monday, June 22",OR1-3B Self Organized 2 In-Body/Intracellular Cybernetic Avatars,16:00-17:30,17:00,Rose 1,Capsule for Intestinal Surface Sampling: Sealing Mechanism for Preventing Cross-Contamination of Collected Samples,"Huaiyi Zhang, Yuguo Dai, Fumihito Arai","The University of Tokyo, Japan",/home/tsai/YoshiNAS/Tasks/APCOT2026_Proceedings/APCOT_Abstract/0373.pdf,2,195,196
0186,0186,"Monday, June 22",OR1-3C Novel Application of MEMS/NEMS Systems 1,16:00-17:30,17:04,Rose 2,Long-Term Stability of the Threshold Voltage of a MOS Structure with a Potassium Ion Electret,"Yoshtaka Ikeda, Masaya Iwanaga, Hiroaki Honma, Hiroshi Toshiyoshi, Akio Uesugi, Koji Sugano, Yoshitada Isono","Kobe University, Japan [1], The University of Tokyo, Japan [2]",/home/tsai/YoshiNAS/Tasks/APCOT2026_Proceedings/APCOT_Abstract/0186.pdf,2,197,198
0243,0243,"Monday, June 22",OR1-3E Bio/Medical Sensors and MEMS/NEMS 3,16:00-17:30,17:04,Plum Blossom 2,Development of a Gold Screen-Printed Electrode-Based Electrochemical Impedance Immunosensor for Rapid Detection of SAA1 as an ARDS Biomarker,"T. H. Chang, C. Y. Chang, C. J. Huang, I. L. Tsai, Y. W. Lu","National Taiwan University, Taiwan [1], Taipei Medical University, Taiwan [2]",/home/tsai/YoshiNAS/Tasks/APCOT2026_Proceedings/APCOT_Abstract/0243.pdf,2,199,200
0387,0387,"Monday, June 22",OR1-3D Micro/Nano Fluidics 1,16:00-17:30,17:04,Rose 3,Microscaled Flow and Particle Adhesion on Villi in Actuated Small Intestinal Channel,"Y. Shiraiwa, K. Komatsu, S. Kuriu, N. Yamamoto, T. Ishida","Institute of Science Tokyo, Japan [1], Ritsumeikan University, Japan [2], Juntendo University, Japan [3]",/home/tsai/YoshiNAS/Tasks/APCOT2026_Proceedings/APCOT_Abstract/0387.pdf,2,201,202
0445,0445,"Monday, June 22",OR1-3B Self Organized 2 In-Body/Intracellular Cybernetic Avatars,16:00-17:30,17:15,Rose 1,On-Chip Biomimetic Platform for Functional Evaluations of Avatar Cells,"H. Wada, T. Ishiguro, Yu Xueping, T. Hayakawa","Chuo University, Japan",/home/tsai/YoshiNAS/Tasks/APCOT2026_Proceedings/APCOT_Abstract/0445.pdf,2,203,204
0242,0242,"Monday, June 22",OR1-3C Novel Application of MEMS/NEMS Systems 1,16:00-17:30,17:16,Rose 2,Automated System for Dispensing Solutes into Droplets with Common Concentration Difference,"S. Bono, K. Arai, S. Konishi","Ritsumeikan University, Japan",/home/tsai/YoshiNAS/Tasks/APCOT2026_Proceedings/APCOT_Abstract/0242.pdf,2,205,206
0411,0411,"Monday, June 22",OR1-3D Micro/Nano Fluidics 1,16:00-17:30,17:16,Rose 3,Design and Fabrication of an Ultra-Thin Capillary-Assisted Microfluidic Chip for Medium Exchange in Microscopy,"Jia-Lin Zhan, Shiuan-Jie Tsai, Kuan-Ju Lu, Ya-Yu Chiang","National Taiwan University, Taiwan [1], National Chung Hsing University, Taiwan [2]",/home/tsai/YoshiNAS/Tasks/APCOT2026_Proceedings/APCOT_Abstract/0411.pdf,2,207,208
0113,0113,"Tuesday, June 23",OR2-1C Novel Application of MEMS/NEMS System 2,11:15-12:25,11:35,Rose 2,Delay Free and Mask Free Reservoir Computing Using CMOS-MEMS Vibro- Impact Resonator,"Nilabh Basu, Wei-Chang Li","National Taiwan University, Taiwan",/home/tsai/YoshiNAS/Tasks/APCOT2026_Proceedings/APCOT_Abstract/0113.pdf,2,209,210
0246,0246,"Tuesday, June 23",OR2-1D Optical MEMS 2,11:15-12:25,11:35,Rose 3,Filter-Free Optical Sensor for Centroid Wavelength Detection,"R. Mibu, Y. J. Choi, T. Ide, Y. Kimura, Y. Noda, D. Akai, T. Hizawa, T. Noda, K. Takahashi, K. Sawada","Toyohashi University of Technology, Japan",/home/tsai/YoshiNAS/Tasks/APCOT2026_Proceedings/APCOT_Abstract/0246.pdf,2,211,212
0254,0254,"Tuesday, June 23",OR2-1E Bio/Medical Sensors and MEMS/NEMS 4,11:15-12:25,11:35,Plum Blossom 2,A Microfluidic Lab-on-a-Chip for Real-Time Stiffness Monitoring in Frozen Shoulder Model,"Abdul Shamshad, Kin Fong Lei","Chang Gung University, Taiwan",/home/tsai/YoshiNAS/Tasks/APCOT2026_Proceedings/APCOT_Abstract/0254.pdf,2,213,214
0320,0320,"Tuesday, June 23",OR2-1B Chemical Sensors and MEMS/NEMS 2,11:15-12:25,11:35,Rose 1,WS2/Ga2O3 Nanostructured Sensor for Enhanced Hydrogen Response and Fast Recovery,"I. Sharma, J. Choi","Chung-Ang University, Korea",/home/tsai/YoshiNAS/Tasks/APCOT2026_Proceedings/APCOT_Abstract/0320.pdf,2,215,216
0272,0272,"Tuesday, June 23",OR2-1A Actuator,11:15-12:25,11:45,Grand Ballroom 1,Novel Electrothermal Actuators with Large In-plane Displacement and Force for MEMS-based Pitch-tunable Diffraction Grating,"Y. N. Ho, S. Lin, A. Michael, C. Y. Kwok, C. Pulikkaseril","UNSW Sydney, Australia [1], Baraja Pty. Ltd., Australia [2]",/home/tsai/YoshiNAS/Tasks/APCOT2026_Proceedings/APCOT_Abstract/0272.pdf,2,217,218
0191,0191,"Tuesday, June 23",OR2-1C Novel Application of MEMS/NEMS System 2,11:15-12:25,11:47,Rose 2,An AlN-Based Differential Resonant Accelerometer for In-Sensor Physical Reservoir Computing,"Hsiang-Chun Hsiao, Zong-Xian Kuan, Yi Chiu","National Yang Ming Chiao Tung University, Taiwan",/home/tsai/YoshiNAS/Tasks/APCOT2026_Proceedings/APCOT_Abstract/0191.pdf,2,219,220
0274,0274,"Tuesday, June 23",OR2-1D Optical MEMS 2,11:15-12:25,11:47,Rose 3,Spectrum Estimation Method for Reflectance Spectroscopy Using Filter-Free Wavelength Sensors and Multi-Wavelength LEDs,"A. Takaya, Y. J. Choi, I. H. Kwon, Y. Kimura, T. Noda, K. Takahashi, K. Sawada","Toyohashi University of Technology, Japan",/home/tsai/YoshiNAS/Tasks/APCOT2026_Proceedings/APCOT_Abstract/0274.pdf,2,221,222
0296,0296,"Tuesday, June 23",OR2-1E Bio/Medical Sensors and MEMS/NEMS 4,11:15-12:25,11:47,Plum Blossom 2,Electrical Crossover Frequency Detection for Single-Cell Characterization Using Microfluidic Impedance Sensing,"N. Phansiri, B. Techaumnat","Ubon Ratchathani University, Thailand [1], Chulalongkorn University, Thailand [2]",/home/tsai/YoshiNAS/Tasks/APCOT2026_Proceedings/APCOT_Abstract/0296.pdf,2,223,224
0305,0305,"Tuesday, June 23",OR2-1B Chemical Sensors and MEMS/NEMS 2,11:15-12:25,11:47,Rose 1,Translating Molecular Chirality into Electrical Signals through Contact Electrification–Driven Interfacial Electron Transfer,"H.-W. Lin, A. Pal, Z.-H. Lin","National Taiwan University, Taiwan",/home/tsai/YoshiNAS/Tasks/APCOT2026_Proceedings/APCOT_Abstract/0305.pdf,2,225,226
0295,0295,"Tuesday, June 23",OR2-1A Actuator,11:15-12:25,11:57,Grand Ballroom 1,Piezoelectric Micromachined Transducers with Heterogeneous PZT/AlN Film Stacking by Atmospheric Pressure Atomic Diffusion Bonding,"Tianbo Wang, Andrea Vergara, Takehito Shimatsu, Shuji Tanaka","Tohoku University, Japan",/home/tsai/YoshiNAS/Tasks/APCOT2026_Proceedings/APCOT_Abstract/0295.pdf,2,227,228
0223,0223,"Tuesday, June 23",OR2-1B Chemical Sensors and MEMS/NEMS 2,11:15-12:25,11:59,Rose 1,Influence of Sensing Film Properties on Inorganic Taste Sensor Response,"Tomoki Shinta, Hidekazu Uchida, Yuki Hasegawa","Saitama University, Japan",/home/tsai/YoshiNAS/Tasks/APCOT2026_Proceedings/APCOT_Abstract/0223.pdf,2,229,230
0310,0310,"Tuesday, June 23",OR2-1C Novel Application of MEMS/NEMS System 2,11:15-12:25,11:59,Rose 2,Nano-Optomechanical Metasurface for Reservoir Computing Application,"T. Hou, Y. Kawashima, X. Zhou, N. Nishiyama, T. Tsuchiya, Y. Tsuchiya, Jun-Yu Ou","University of Southampton, United Kingdom [1], Kyoto University, Japan [2], CNRS IEMN UMR 8520 University Lille, France [3], Institute of Science Tokyo, Japan [4]",/home/tsai/YoshiNAS/Tasks/APCOT2026_Proceedings/APCOT_Abstract/0310.pdf,2,231,232
0317,0317,"Tuesday, June 23",OR2-1D Optical MEMS 2,11:15-12:25,11:59,Rose 3,Fabrication of Edible Segmented Micro Retroreflective Materials Using a Two-Layer Deposited Mold via Prism-Assisted 3D Lithography,"Yufei Chen, Yuha Ushiyama, Natsumi Kubo, Yuji Takata, Yuya Tanaka, Hiromasa Oku, Takaaki Suzuki","Gunma University, Japan",/home/tsai/YoshiNAS/Tasks/APCOT2026_Proceedings/APCOT_Abstract/0317.pdf,2,233,234
0319,0319,"Tuesday, June 23",OR2-1E Bio/Medical Sensors and MEMS/NEMS 4,11:15-12:25,11:59,Plum Blossom 2,Local Formation Process of PVC-based Ion Sensitive Membrane Using MEMS Microstructure and Inkjet Printing Technology,"H. Doi, Y. Sato, A. Uramoto, T. Kamakura, Yong-Joon Choi, K. Takahashi, T. Noda, T. Kokubun, K. Sawada","Toyohashi University of Technology, Japan [1], Seiko Epson Corporation, Japan [2]",/home/tsai/YoshiNAS/Tasks/APCOT2026_Proceedings/APCOT_Abstract/0319.pdf,2,235,236
0336,0336,"Tuesday, June 23",OR2-1A Actuator,11:15-12:25,12:09,Grand Ballroom 1,Fabrication of in-plane-stretchable shape memory alloy thick film actuator and SU-8 support mechanism for laterally vibrational MEMS tactile display,"Y. Nagasaka, Y. Iino, T. Mineta","Yamagata University, Japan",/home/tsai/YoshiNAS/Tasks/APCOT2026_Proceedings/APCOT_Abstract/0336.pdf,2,237,238
0325,0325,"Tuesday, June 23",OR2-1E Bio/Medical Sensors and MEMS/NEMS 4,11:15-12:25,12:11,Plum Blossom 2,Single-Cell Biomarker Profiling on a Hydrogel Electromicrofluidic Device,"Jesus Becerra, Jing Ding, Shih-Kang Fan","Kansas State University, USA 12:25-13:15",/home/tsai/YoshiNAS/Tasks/APCOT2026_Proceedings/APCOT_Abstract/0325.pdf,2,239,240
0357,0357,"Tuesday, June 23",OR2-1C Novel Application of MEMS/NEMS System 2,11:15-12:25,12:11,Rose 2,Annealing-Enhanced Probabilistic Computing Enabled by Bistable MEMS Resonator,"Junhui Wu, Zetong Hu, Zheng Zhang, Guangya Zhou","National University of Singapore, Singapore",/home/tsai/YoshiNAS/Tasks/APCOT2026_Proceedings/APCOT_Abstract/0357.pdf,2,241,242
0374,0374,"Tuesday, June 23",OR2-1B Chemical Sensors and MEMS/NEMS 2,11:15-12:25,12:11,Rose 1,Hydrogen Sensing via Stress-Induced Amplitude Modulation in Piezoelectric Multilayer Micro-Bridges,"J. Moore, A. Michael, E. Sim-Wong","UNSW, Australia",/home/tsai/YoshiNAS/Tasks/APCOT2026_Proceedings/APCOT_Abstract/0374.pdf,2,243,244
0403,0403,"Tuesday, June 23",OR2-1D Optical MEMS 2,11:15-12:25,12:11,Rose 3,Sensitivity and Noise Characterization of MEMS-Resonator-Based Short- Wavelength Infrared Sensor with Integrated Gold Nanostructured Absorber,"S. Ikeda, R. Sakai, T. Seki, H. Honma, K. Sugano, Y. Isono","Kobe University, Japan",/home/tsai/YoshiNAS/Tasks/APCOT2026_Proceedings/APCOT_Abstract/0403.pdf,2,245,246
0211,PO2-01,"Tuesday, June 23",Poster Session PO2,13:15-14:30,13:15,Grand Ballroom 2,Electrostatic-driven Metal Nanostructures Transferred onto Electrospun Fibers for Wearable SERS-Based Point-of-Care Cortisol Diagnosis in Sweat,"Yegyu Lee, Ji-Hwan Ha","Hanbat National University, Korea",/home/tsai/YoshiNAS/Tasks/APCOT2026_Proceedings/APCOT_Abstract/0211.pdf,2,247,248
0215,PO2-02,"Tuesday, June 23",Poster Session PO2,13:15-14:30,13:15,Grand Ballroom 2,Spatially Controlled Electrospinning on Grounded 3D Metallic Microneedle Arrays for Precision Chronotherapeutic Delivery,"Jinho Jeong, Ji-Hwan Ha","Hanbat National University, Korea",/home/tsai/YoshiNAS/Tasks/APCOT2026_Proceedings/APCOT_Abstract/0215.pdf,2,249,250
0228,PO2-03,"Tuesday, June 23",Poster Session PO2,13:15-14:30,13:15,Grand Ballroom 2,Embryo Electroporation using Microfluidic Device with Double Orifices,"N. Panklang, B. Techaumnat, T. Tharasanit","Rajamangala University of Technology Thanyaburi, Thailand [1], Chulalongkorn University, Thailand [2]",/home/tsai/YoshiNAS/Tasks/APCOT2026_Proceedings/APCOT_Abstract/0228.pdf,2,251,252
0280,PO2-04,"Tuesday, June 23",Poster Session PO2,13:15-14:30,13:15,Grand Ballroom 2,Evaluation of a Dual-Wavelength Imaging System for Multiple Volatiles Related to Alcohol Metabolism,"J. Lim, R. Miura, K. Ichikawa, K. Iitani, M. Ikeuchi, K. Mitsubayashi","Institute of Science Tokyo, Japan",/home/tsai/YoshiNAS/Tasks/APCOT2026_Proceedings/APCOT_Abstract/0280.pdf,1,253,253
0282,PO2-05,"Tuesday, June 23",Poster Session PO2,13:15-14:30,13:15,Grand Ballroom 2,Dynamic Compression Device for Cultured Adipose Tissue,"Shu Saijo, Yuya Morimoto","Waseda University, Japan",/home/tsai/YoshiNAS/Tasks/APCOT2026_Proceedings/APCOT_Abstract/0282.pdf,2,254,255
0299,PO2-06,"Tuesday, June 23",Poster Session PO2,13:15-14:30,13:15,Grand Ballroom 2,Development of an Amplification Free Microfluidic Aptamer Based Electrochemical Biosensor for Early Detection of Ovarian Cancer via MicroRNA Biomarkers,"Wendell. S. Palaroan, Dharmatov. Rahula. B. Albano","University of Santo Tomas, Philippines",/home/tsai/YoshiNAS/Tasks/APCOT2026_Proceedings/APCOT_Abstract/0299.pdf,2,256,257
0306,PO2-07,"Tuesday, June 23",Poster Session PO2,13:15-14:30,13:15,Grand Ballroom 2,Self-powered Smart Microfluidic Chip for Automated Exosome Quantification and Classification,"Hyunjun Kim, June Soo Kim, Noah Jang, Da Ye Kim, Seong Ho Kong","Kyungpook National University, Korea [1], Cheongju University, Korea [2]",/home/tsai/YoshiNAS/Tasks/APCOT2026_Proceedings/APCOT_Abstract/0306.pdf,2,258,259
0307,PO2-08,"Tuesday, June 23",Poster Session PO2,13:15-14:30,13:15,Grand Ballroom 2,Wearable Triaxial Force Sensor with Sensitivity Switching Mechanism for Tonometry-Based Blood Pressure Pulse Wave Measurement,"Takahisa Segoe, Riku Niitsu, Tetsuji Dohi","Chuo University, Japan",/home/tsai/YoshiNAS/Tasks/APCOT2026_Proceedings/APCOT_Abstract/0307.pdf,2,260,261
0326,PO2-09,"Tuesday, June 23",Poster Session PO2,13:15-14:30,13:15,Grand Ballroom 2,A Microfluidic Biosensing Platform for Quantifying Coral Respiration Breaking Temperature and Bioenergetic Responses under Thermal Stress,"Y. M. Cheng, S. H. Huang","National Taiwan Ocean University, Taiwan",/home/tsai/YoshiNAS/Tasks/APCOT2026_Proceedings/APCOT_Abstract/0326.pdf,2,262,263
0327,PO2-10,"Tuesday, June 23",Poster Session PO2,13:15-14:30,13:15,Grand Ballroom 2,De Novo Design of High-Affinity Borono-L-Phenylalanine Binding Proteins Using Deep Learning and Molecular Dynamics Validation,"Yi-Te She, Yi-Fang Wu, Yu-Lin Wang","National Tsing Hua University, Taiwan",/home/tsai/YoshiNAS/Tasks/APCOT2026_Proceedings/APCOT_Abstract/0327.pdf,2,264,265
0349,PO2-11,"Tuesday, June 23",Poster Session PO2,13:15-14:30,13:15,Grand Ballroom 2,Exploration of Surface Modification on Microwell Array Biochip,"Zhen-Ting Fan, Pin-Xian Du, Guan-Da Syu, Tien-ChunTsai, Yung-Chen Cheng","National University of Tainan, Taiwan [1], National Cheng Kung University, Taiwan [2]",/home/tsai/YoshiNAS/Tasks/APCOT2026_Proceedings/APCOT_Abstract/0349.pdf,2,266,267
0224,PO2-12,"Tuesday, June 23",Poster Session PO2,13:15-14:30,13:15,Grand Ballroom 2,Sodium Chloride Aqueous Solution Concentration Measurement Using SAW Device,"A. Waheed, Y. Ye, J. Waheed, T. Saiki, S. Amaya, R. Sarno, T. Matsunaga, S.-S. Lee","Tottori University, Japan [1], The University of Fukuchiyama, Japan [2], The University of Tokyo, Japan [3], Institut Teknologi Sepuluh Nopember, Indonesia [4]",/home/tsai/YoshiNAS/Tasks/APCOT2026_Proceedings/APCOT_Abstract/0224.pdf,2,268,269
0238,PO2-13,"Tuesday, June 23",Poster Session PO2,13:15-14:30,13:15,Grand Ballroom 2,Development of an Upcycled Sericin/Coronene/CMC Modified Paper Substrate for Dual Mode Colorimetric and LDI-MS Detection of Histamine as a Fish Freshness Indication,"Wisarttra Phamonpon, Juan P. Hinestroza, Nadnudda Rodthongkum","Chulalongkorn University, Thailand [1] Cornell University, USA [2]",/home/tsai/YoshiNAS/Tasks/APCOT2026_Proceedings/APCOT_Abstract/0238.pdf,2,270,271
0287,PO2-14,"Tuesday, June 23",Poster Session PO2,13:15-14:30,13:15,Grand Ballroom 2,Electroanalytical Screening of Phenolic Preservatives in Commercial Foodstuffs Utilizing Lanthanum Nickelate and Graphene Nanosheets,"Hong-Xiang Lina, Parthasarathi Manimarana, Tse-Wei Chenb, Bih-Show Louc, Shen Ming Chena","National Taipei University of Technology, Taiwan [1], National University of Tainan, Taiwan [2], Chang Gung University, Taiwan [3]",/home/tsai/YoshiNAS/Tasks/APCOT2026_Proceedings/APCOT_Abstract/0287.pdf,3,272,274
0315,PO2-15,"Tuesday, June 23",Poster Session PO2,13:15-14:30,13:15,Grand Ballroom 2,A Dysprosium-Titanium Oxide Nanohybrid Electrode for Trace-Level Electro- chemical Determination of Flutamide in Complex Samples,"Hsiu-Chen Xiaoa, Nandini Nataraj, Tse-Wei Chen, Bih-Show Lou, Shen Ming Chen","National Taipei University of Technology, Taiwan [1], National University of Tainan, Taiwan [2], Chang Gung University, Taiwan [3]",/home/tsai/YoshiNAS/Tasks/APCOT2026_Proceedings/APCOT_Abstract/0315.pdf,3,275,277
0318,PO2-16,"Tuesday, June 23",Poster Session PO2,13:15-14:30,13:15,Grand Ballroom 2,Synergistic Bi-doped ZnO and Nitrogen-modified Graphene Hybrids: An Advanced Electrochemical Platform for Quantifying Metol in Complex Water Matrices,"Zhi-Yan Lia, Selva priya Selvama, Tse-Wei Chenb, Shen-Ming Chena","National Taipei University of Technology, Taiwan [1], National University of Tainan, Taiwan [2]",/home/tsai/YoshiNAS/Tasks/APCOT2026_Proceedings/APCOT_Abstract/0318.pdf,3,278,280
0341,PO2-17,"Tuesday, June 23",Poster Session PO2,13:15-14:30,13:15,Grand Ballroom 2,ALD-Grown Al2O3 Shells on SnO2 Nanowires for Hydrogen Sensing,"E. B. Kim, K. Y. Shin, W. Oum, S. Moon, S. Jang, Y. You, T. Kim, H. W. Kim","Hanyang University, Korea",/home/tsai/YoshiNAS/Tasks/APCOT2026_Proceedings/APCOT_Abstract/0341.pdf,2,281,282
0365,PO2-18,"Tuesday, June 23",Poster Session PO2,13:15-14:30,13:15,Grand Ballroom 2,Investigation of Titanium Nitride Extended-Gate Field-Effect Transistors for pH and Urea Sensing Applications,"Che-Hao Liao, I-Ting Chen, Chien-Sheng Huang, Xiao Tang, Shih-Hung Lin","National Yunlin University of Science and Technology, Taiwan [1] University of Bristol, UK [2]",/home/tsai/YoshiNAS/Tasks/APCOT2026_Proceedings/APCOT_Abstract/0365.pdf,2,283,284
0199,PO2-19,"Tuesday, June 23",Poster Session PO2,13:15-14:30,13:15,Grand Ballroom 2,Cost-Effective Hetero-Core Fiber Optic Refractive Index Sensor using Titanium Dioxide Nanoparticles/Poly-L-lysine Multilayers,"M. Kuroiwa, K Kikuchi, M. Nishiyama, K. Watanabe, J. Ida","Soka University, Japan",/home/tsai/YoshiNAS/Tasks/APCOT2026_Proceedings/APCOT_Abstract/0199.pdf,2,285,286
0209,PO2-20,"Tuesday, June 23",Poster Session PO2,13:15-14:30,13:15,Grand Ballroom 2,Fluorescent Nanoclusters Preparation Using Gold Nanoparticles-Supported Titanium Oxide Catalyst,"Z. Zhang, Q. Lai, M. Hamamoto, H. Yagyu","Kanto Gakuin University, Japan",/home/tsai/YoshiNAS/Tasks/APCOT2026_Proceedings/APCOT_Abstract/0209.pdf,2,287,288
0259,PO2-21,"Tuesday, June 23",Poster Session PO2,13:15-14:30,13:15,Grand Ballroom 2,Fabrication and Mechanical Evaluation of Multi-Stiffness Silicone Composites via Sequential Curing,"Ke-Yuan Wang, Meng-Shiue Lee","National Yang Ming Chiao Tung University, Taiwan",/home/tsai/YoshiNAS/Tasks/APCOT2026_Proceedings/APCOT_Abstract/0259.pdf,2,289,290
0260,PO2-22,"Tuesday, June 23",Poster Session PO2,13:15-14:30,13:15,Grand Ballroom 2,Engineering PDMS Substrates with Designable Mechanical and Surface Properties for Organ-on-a-Chip Applications,"Kuan-Hsien Lai, Chien-Yen Chen, Meng-Shiue Lee","National Yang Ming Chiao Tung University, Taiwan",/home/tsai/YoshiNAS/Tasks/APCOT2026_Proceedings/APCOT_Abstract/0260.pdf,2,291,292
0286,PO2-23,"Tuesday, June 23",Poster Session PO2,13:15-14:30,13:15,Grand Ballroom 2,"Integration of Glucose, Dissolved Oxygen, and Temperature Sensors into a Bioreactor Microfluidic System","Wen-Cheng Kuo, Wei-Jun Hsu, Liu-Fu Wu","National Kaohsiung University of Science and Technology, Taiwan",/home/tsai/YoshiNAS/Tasks/APCOT2026_Proceedings/APCOT_Abstract/0286.pdf,2,293,294
0321,PO2-24,"Tuesday, June 23",Poster Session PO2,13:15-14:30,13:15,Grand Ballroom 2,Overlayer-Triggered Discontinuous Dewetting (OTDD) for Open-Surface Self- Partitioning on Microstructure Arrays,"Wei-Teng Lu, Meng-Shiue Lee","National Yang Ming Chiao Tung University, Taiwan",/home/tsai/YoshiNAS/Tasks/APCOT2026_Proceedings/APCOT_Abstract/0321.pdf,2,295,296
0324,PO2-25,"Tuesday, June 23",Poster Session PO2,13:15-14:30,13:15,Grand Ballroom 2,Transient Thermal Characterization and Localized Heating Strategy of Liquid Metal Heaters in Microfluidics,"Zhe-Wei Kuo, Kyojiro Morikawa, Takehiko Kitamori, Chihchen Chen","National Tsing Hua University, Taiwan",/home/tsai/YoshiNAS/Tasks/APCOT2026_Proceedings/APCOT_Abstract/0324.pdf,2,297,298
0230,PO2-26,"Tuesday, June 23",Poster Session PO2,13:15-14:30,13:15,Grand Ballroom 2,Monolithic Integration of Visible light Communication Chip with a GaN-based Y- branch S-bend Waveguide,"H. Hsieh, Y. Chen, P. Tsai, C. Liou, C. Tsou","Feng Chia University, Taiwan",/home/tsai/YoshiNAS/Tasks/APCOT2026_Proceedings/APCOT_Abstract/0230.pdf,2,299,300
0234,PO2-27,"Tuesday, June 23",Poster Session PO2,13:15-14:30,13:15,Grand Ballroom 2,Suppression of DRIE-Induced Scalloping on Si{110} Wafers via Surfactant- Added TMAH Etching,"Priyanka Dewangan, Masaki Shimofuri, Toshiyuki Tsuchiya, Vishal Sahu, Yogesh Kumar Srivastava, Prem Pal","Indian Institute of Technology Hyderabad, Telangana, India [1], Kyoto University, Japan [2]",/home/tsai/YoshiNAS/Tasks/APCOT2026_Proceedings/APCOT_Abstract/0234.pdf,2,301,302
0261,PO2-28,"Tuesday, June 23",Poster Session PO2,13:15-14:30,13:15,Grand Ballroom 2,Performance Enhancement of an All-Silicon Broadband Terahertz Half-Wave Plate via Structural Optimization,"H. Yamane, Y. Yamada, Y. Kondo, M. Fujita, S. Murakami","Osaka Research Institute of Industrial Science and Technology, Japan [1] The University of Osaka, Japan [2]",/home/tsai/YoshiNAS/Tasks/APCOT2026_Proceedings/APCOT_Abstract/0261.pdf,2,303,304
0176,PO2-29,"Tuesday, June 23",Poster Session PO2,13:15-14:30,13:15,Grand Ballroom 2,"Resistance-Modulated BJT Magneto-Transistors with Enhanced Sensitivity, Reduced Noise","Bo-Hen Lee, Qing-Hua Shih, Ching-Liang Dai","National Taiwan University, Taiwan [1], Chung Hsing University, Taiwan [2]",/home/tsai/YoshiNAS/Tasks/APCOT2026_Proceedings/APCOT_Abstract/0176.pdf,2,305,306
0177,PO2-30,"Tuesday, June 23",Poster Session PO2,13:15-14:30,13:15,Grand Ballroom 2,Bipolar Ferroelectric Resonance Frequency Control for Multi-Frequency Measurement Using Piezoelectric MEMS Ultrasonic Sensors on Sensitivity- Enhancing Buckled Diaphragm Structures,"Kaoru Yamashita, Junpei Yamamoto","Kyoto Institute of Technology, Japan",/home/tsai/YoshiNAS/Tasks/APCOT2026_Proceedings/APCOT_Abstract/0177.pdf,2,307,308
0193,PO2-31,"Tuesday, June 23",Poster Session PO2,13:15-14:30,13:15,Grand Ballroom 2,Flexible Airflow Sensor Using Biodegradable PLLA/W Toward Transient Implant for Respiration Monitoring,"R. Nakamura, M. S. Al Farisi, Y. Hasegawa, M. Matsushima, T. Kawabe, M. Shikida","Hiroshima City University, Japan [1], Kyushu Institute of Technology, Japan [2], Nagoya University, Japan [3]",/home/tsai/YoshiNAS/Tasks/APCOT2026_Proceedings/APCOT_Abstract/0193.pdf,2,309,310
0196,PO2-32,"Tuesday, June 23",Poster Session PO2,13:15-14:30,13:15,Grand Ballroom 2,High Sensitivity Tactile Sensor Using Laser Induced Graphene and Diaphgram Sensing Structure for Palpation During Catheterization,"K. Sumiyoshi, M. S. Al Farisi, Y. Hasegawa, M. Matsushima, T. Kawabe, M. Shikida","Hiroshima City University, Japan [1], Kyushu Institute of Technology, Japan [2], Nagoya University, Japan [3]",/home/tsai/YoshiNAS/Tasks/APCOT2026_Proceedings/APCOT_Abstract/0196.pdf,2,311,312
0208,PO2-33,"Tuesday, June 23",Poster Session PO2,13:15-14:30,13:15,Grand Ballroom 2,Design and Performance Measurement of CMOS-MEMS Microbolometer Pixels,"Ruei-Cian Chu, Ashwini Kumari, Pushpapraj Singh, Yi Chiu","National Yang Ming Chiao Tung University, Taiwan [1], Indian Institute of Technology Delhi, India [2]",/home/tsai/YoshiNAS/Tasks/APCOT2026_Proceedings/APCOT_Abstract/0208.pdf,2,313,314
0267,PO2-34,"Tuesday, June 23",Poster Session PO2,13:15-14:30,13:15,Grand Ballroom 2,An EVS-Based Particle Tracking Approach for Low-Speed Water Flow Estimation in Biologging,"Takuma Shibahara, Takuto Kishimoto, Toshihiro Shiratori, Kyota Shimada, Ryusei Ando, Hidetoshi","Keio University, Japan",/home/tsai/YoshiNAS/Tasks/APCOT2026_Proceedings/APCOT_Abstract/0267.pdf,2,315,316
0276,PO2-35,"Tuesday, June 23",Poster Session PO2,13:15-14:30,13:15,Grand Ballroom 2,POI-MEMS Pressure Sensor with Integrated Beam-Membrane Structure,"Thi Tra Giang Nguyen, Thanh An Truong, Huu Cuong Nguyen, Thanh Cong Nguyen, Barry Kok, Van Thanh Dau, Dzung Viet Dao, .","Griffith University, Australia [1], Hanoi University of Science and Technology, Vietnam [2]",/home/tsai/YoshiNAS/Tasks/APCOT2026_Proceedings/APCOT_Abstract/0276.pdf,2,317,318
0301,PO2-36,"Tuesday, June 23",Poster Session PO2,13:15-14:30,13:15,Grand Ballroom 2,A Biomimetic Capacitive Tactile Sensor with a Tilted Cilia Array for Directional Shear Forces Sensing,"Eung Jun Kim, Yoon Ji Yum, Hoe Joon Kim","Daegu Gyeongbuk Institute of Science and Technology, Korea [1], Seoul National University of Science and Technology, Korea [2]",/home/tsai/YoshiNAS/Tasks/APCOT2026_Proceedings/APCOT_Abstract/0301.pdf,2,319,320
0281,PO2-37,"Tuesday, June 23",Poster Session PO2,13:15-14:30,13:15,Grand Ballroom 2,An Integrated IoT Sensor Network for Geotechnical Early Warning,"Thanh An Truong, Thi Tra Giang Nguyen, Cong Thanh Nguyen, Barry Kok, Van Thanh Dau, Dzung Viet Dao","Griffith University, Australia [1], Hanoi University of Science and Technology, Vietnam [2]",/home/tsai/YoshiNAS/Tasks/APCOT2026_Proceedings/APCOT_Abstract/0281.pdf,2,321,322
0303,PO2-38,"Tuesday, June 23",Poster Session PO2,13:15-14:30,13:15,Grand Ballroom 2,High-Stability Sodium-Selective EGISFET with Optimized TiO2 Transducer Interface,"K. C. Huang, G. T. Wu, Y. H. Hsiao, T. H. Chen, C. T. Lin","National Taiwan University, Taiwan",/home/tsai/YoshiNAS/Tasks/APCOT2026_Proceedings/APCOT_Abstract/0303.pdf,2,323,324
0359,PO2-39,"Tuesday, June 23",Poster Session PO2,13:15-14:30,13:15,Grand Ballroom 2,Tracking and Localization Using Back-Propagation Neural Networks with Unscented Kalman Filters,"Yu-Chun Su, Yu-ting Yang, Hongchin Lin","National Chung Hsing University, Taiwan",/home/tsai/YoshiNAS/Tasks/APCOT2026_Proceedings/APCOT_Abstract/0359.pdf,2,325,326
0241,PO2-40,"Tuesday, June 23",Poster Session PO2,13:15-14:30,13:15,Grand Ballroom 2,Temperature Prediction of Tool Tips for CNC AISI 1050 Dry Milling Using Passive RFID Sensing Tags and Hybrid FEA-ML Framework,"Pang-Hsiang Hung, Hsuan-Yu Kao, Pei-Zen Chang, Wei-Chang Li","National Taiwan University, Taiwan",/home/tsai/YoshiNAS/Tasks/APCOT2026_Proceedings/APCOT_Abstract/0241.pdf,2,327,328
0313,PO2-41,"Tuesday, June 23",Poster Session PO2,13:15-14:30,13:15,Grand Ballroom 2,Optimizing Phase Purity in Spiral Micro-separators: A Computational Fluid Dynamics Approach,"Pichapon Boonkrong, Pin-De Lee, Bor-Yih Yu, Ya-Yu Chiang","National Taiwan University, Taiwan",/home/tsai/YoshiNAS/Tasks/APCOT2026_Proceedings/APCOT_Abstract/0313.pdf,2,329,330
0422,PO2-42,"Tuesday, June 23",Poster Session PO2,13:15-14:30,13:15,Grand Ballroom 2,An Efficient Computational Framework for Antibody Design Targeting CEACAM6,"Ting-Yu Chang, Yu-Lin Wang","National Tsing Hua University, Taiwan",/home/tsai/YoshiNAS/Tasks/APCOT2026_Proceedings/APCOT_Abstract/0422.pdf,2,331,332
0112,PO2-43,"Tuesday, June 23",Poster Session PO2,13:15-14:30,13:15,Grand Ballroom 2,Geometry-Induced Field Emission Characteristics in Planar Field Emission Triodes with Different Emitter Materials,"Ju-Hung Tsai, Wen-Teng Chang","National University of Kaohsiung, Taiwan",/home/tsai/YoshiNAS/Tasks/APCOT2026_Proceedings/APCOT_Abstract/0112.pdf,2,333,334
0351,PO2-44,"Tuesday, June 23",Poster Session PO2,13:15-14:30,13:15,Grand Ballroom 2,Dual-Gate Floating-Gate van der Waals Transistor for Nonvolatile Memory and Time-Dependent AND Logic,"AND Logic Advaita Ghosh, Adam Šlechta, Jiří Háze, Vilém Kledrowetz, Yen-Fu Lin, Shu-Ping Lin","National Yang Ming Chiao Tung University, Taiwan [1], Brno University of Technology, Czech Republic [2], National Chung Hsing University, Taiwan [3]",/home/tsai/YoshiNAS/Tasks/APCOT2026_Proceedings/APCOT_Abstract/0351.pdf,2,335,336
0447,PO2-45,"Tuesday, June 23",Poster Session PO2,13:15-14:30,13:15,Grand Ballroom 2,Single Cell Full-Length Mitochondrial Genome Sequencing by Droplet Microfluidics,"Fuyang Qu †, Luoquan Li †, Juan Li †, Guangyao Cheng, Yi-Ping Ho","The Chinese University of Hong Kong, Hong Kong",/home/tsai/YoshiNAS/Tasks/APCOT2026_Proceedings/APCOT_Abstract/0447.pdf,2,337,338
0330,PO2-46,"Tuesday, June 23",Poster Session PO2,13:15-14:30,13:15,Grand Ballroom 2,Nested–Tilted Folded-Beam Flexure for Mechanism-Level Extension of Stroke in MEMS Comb-Drive Actuators,"Ilgar Jafarsadeghipournaki, Aron Michael, Hemanshu Pota","The University of New South Wales, Australia [1]",/home/tsai/YoshiNAS/Tasks/APCOT2026_Proceedings/APCOT_Abstract/0330.pdf,2,339,340
0385,PO2-47,"Tuesday, June 23",Poster Session PO2,13:15-14:30,13:15,Grand Ballroom 2,Tailoring Hard Mask Selection for Precise Nanofabrication of Electrostatic Comb-Drive Diamond Actuators,"T. Ikeda, Y. Kanamori","Tohoku University, Japan",/home/tsai/YoshiNAS/Tasks/APCOT2026_Proceedings/APCOT_Abstract/0385.pdf,2,341,342
0154,PO2-48,"Tuesday, June 23",Poster Session PO2,13:15-14:30,13:15,Grand Ballroom 2,A High-Frequency Piezoelectric MEMS Mode-Matched Gyroscope Based on Automatic Gain Control and Phase Compensation,"Zi-Yi Yu, Sheng-Shian Li","National Tsing Hua University, Taiwan",/home/tsai/YoshiNAS/Tasks/APCOT2026_Proceedings/APCOT_Abstract/0154.pdf,2,343,344
0164,PO2-49,"Tuesday, June 23",Poster Session PO2,13:15-14:30,13:15,Grand Ballroom 2,Sustainable MXene–Cellulose Aerogel Pressure Sensors Enabled by Solvent- Free Gradient Freezing for Wearable Human–Machine Interfaces,"Ching-Jung Chang, Zhe-Yu Liu, Kuan-Lin Tseng, Pulikkutty Subramaniyan, Shan-Chu Yu, Akhil K. Paulose, Tzu-En Lin","National Taiwan University, Taiwan",/home/tsai/YoshiNAS/Tasks/APCOT2026_Proceedings/APCOT_Abstract/0164.pdf,2,345,346
0167,PO2-50,"Tuesday, June 23",Poster Session PO2,13:15-14:30,13:15,Grand Ballroom 2,System-Level Electro-Mechanical Modeling for Noise-Induced Bias Instability Prediction in MEMS Gyroscopes,"Lyu-Ran Wang, Man-Ching Huang, Chien-Ching Ho, Jen-Chieh Li, Chung-Yang Sue","Industrial Technology Research Institute, Taiwan",/home/tsai/YoshiNAS/Tasks/APCOT2026_Proceedings/APCOT_Abstract/0167.pdf,2,347,348
0173,PO2-51,"Tuesday, June 23",Poster Session PO2,13:15-14:30,13:15,Grand Ballroom 2,Magnetic Field Sensor Utilizing Bipolar Junction Transistor Characteristics,"Qing-Hua Shih, Zhi-Xuan Dai","National Chung Hsing University, Taiwan",/home/tsai/YoshiNAS/Tasks/APCOT2026_Proceedings/APCOT_Abstract/0173.pdf,2,349,350
0129,PO2-52,"Tuesday, June 23",Poster Session PO2,13:15-14:30,13:15,Grand Ballroom 2,SAR-Controlled Digital Offset Calibration for CMOS MEMS Capacitive Accelerometer Readouts,"C. T. Hsin, Y. Feng, C. L. Wei, C. Y. Chang, S. H. Tseng","Taiwan Semiconductor Research Institute, National Institutes of Applied Research, Taiwan [1] National Cheng Kung University, Taiwan [2]",/home/tsai/YoshiNAS/Tasks/APCOT2026_Proceedings/APCOT_Abstract/0129.pdf,2,351,352
0166,PO2-53,"Tuesday, June 23",Poster Session PO2,13:15-14:30,13:15,Grand Ballroom 2,Triboiontronics Based on Metal-Dielectric Hybrid Surfaces,"Simran Sharma, Tzu-En Lin, Zong-Hong Lin","National Taiwan University, Taiwan",/home/tsai/YoshiNAS/Tasks/APCOT2026_Proceedings/APCOT_Abstract/0166.pdf,2,353,354
0182,PO2-54,"Tuesday, June 23",Poster Session PO2,13:15-14:30,13:15,Grand Ballroom 2,Acoustic-Based Estimation of Lung Deposition in Dry Powder Inhalers,"M.-W. Chang, C.-W. Chiu, W.-J. Wu, W.-R. Ke, C.-H. Fan, Y.-T. Liao","National Yang Ming Chiao Tung University, Taiwan [1], MacKay Memorial Hospital, Taiwan [2], National Taiwan University, Taiwan [3] 14:30-17:30 18:00 – 20:30",/home/tsai/YoshiNAS/Tasks/APCOT2026_Proceedings/APCOT_Abstract/0182.pdf,2,355,356
0443,0443,"Wednesday, June 24",OR3-1E Self Organized 3 From Single-Cell Analysis to Biomimetic Systems,10:00-12:00,10:00,Plum Blossom 2,A Pyramidal Nanopore for ssDNA Sequencing,"Jianxin Yang, Dehua Hu, Tianle Pan, Ho-Pui Ho","The Chinese University of Hong Kong, Hong Kong SAR",/home/tsai/YoshiNAS/Tasks/APCOT2026_Proceedings/APCOT_Abstract/0443.pdf,1,357,357
0425,0425,"Wednesday, June 24",OR3-1E Self Organized 3 From Single-Cell Analysis to Biomimetic Systems,10:00-12:00,10:15,Plum Blossom 2,Advanced Energy Materials and Devices for Low-grade Heat Harvesting and Flexible Thermal Sensing,Dongyan Xu,"The Chinese University of Hong Kong, Hong Kong SAR",/home/tsai/YoshiNAS/Tasks/APCOT2026_Proceedings/APCOT_Abstract/0425.pdf,1,358,358
0120,0120,"Wednesday, June 24","OR3-1B Theory, Design and Simulation",10:00-12:00,10:20,Rose 1,Comparative Analysis of Switching Performance and Power Loss in E-Mode GaN HEMTs with different Clamp Topologies Using Double Pulse Testing,"Susmita Mistri, Hao Chung Kuo","National Yang Ming Chiao Tung University, Taiwan",/home/tsai/YoshiNAS/Tasks/APCOT2026_Proceedings/APCOT_Abstract/0120.pdf,3,359,361
0142,0142,"Wednesday, June 24",OR3-1A Micro/Nano Fluidics 2,10:00-12:00,10:30,Grand Ballroom 1,Channel-Orientation-Controlled LCD 3D Printing of DIW Nozzles,"Naoto Sasaki, Koshi Hatano, Shunya Okamoto, Takayuki Shibata","Toyohashi University of Technology, Japan [1], Singapore University of Technology and Design, Singapore [2]",/home/tsai/YoshiNAS/Tasks/APCOT2026_Proceedings/APCOT_Abstract/0142.pdf,2,362,363
0433,0433,"Wednesday, June 24",OR3-1E Self Organized 3 From Single-Cell Analysis to Biomimetic Systems,10:00-12:00,10:30,Plum Blossom 2,Microphysiological Muscle and Retinal Systems for Disease Modeling and Therapeutic Screening,Hon Fai Chan,"The Chinese University of Hong Kong, Hong Kong SAR",/home/tsai/YoshiNAS/Tasks/APCOT2026_Proceedings/APCOT_Abstract/0433.pdf,1,364,364
0122,0122,"Wednesday, June 24","OR3-1B Theory, Design and Simulation",10:00-12:00,10:32,Rose 1,Bandwidth Limits of Duty-Cycled CMOS-MEMS Gas Sensors: A Predictive Electro-Thermal Framework,"A. Šukys, C.-F. Chen","National Taiwan University, Taiwan",/home/tsai/YoshiNAS/Tasks/APCOT2026_Proceedings/APCOT_Abstract/0122.pdf,2,365,366
0212,0212,"Wednesday, June 24","OR3-1C Materials, Fabrication and Packaging 2",10:00-12:00,10:40,Rose 2,Engineering Interconnected Porous Structures in Battery Electrodes via Controlled Particle Assembly,"W. Kim, H. Nam, Oh. B. Chae, J. Lim","Gachon University, Korea",/home/tsai/YoshiNAS/Tasks/APCOT2026_Proceedings/APCOT_Abstract/0212.pdf,2,367,368
0348,0348,"Wednesday, June 24",OR3-1D Physical Sensors and MEMS/NEMS 3,10:00-12:00,10:40,Rose 3,Nanocantilever with High Figure-of-Merit for High-Speed Atomic Force Microscopy Applications,"Eying Sim Wong, Aron Michael, Jayden D.R Moore, Hemanshu Pota","University of New South Wales, Australia",/home/tsai/YoshiNAS/Tasks/APCOT2026_Proceedings/APCOT_Abstract/0348.pdf,2,369,370
0183,0183,"Wednesday, June 24",OR3-1A Micro/Nano Fluidics 2,10:00-12:00,10:42,Grand Ballroom 1,Rapid Impedimetric Detection of Vibrio harveyi Using Aptamer-Modified Magnetic Beads in a Capillary-Driven Microfluidic Device,"Avinash V Police Patil, Chia-Yu Hsieh, Ching-Chou Wu","National Chung Hsing University, Taiwan",/home/tsai/YoshiNAS/Tasks/APCOT2026_Proceedings/APCOT_Abstract/0183.pdf,2,371,372
0147,0147,"Wednesday, June 24","OR3-1B Theory, Design and Simulation",10:00-12:00,10:44,Rose 1,Analytical Modeling of Serpentine Spring for Gold Proof-mass Single-axis MEMS Accelerometer,"H. Takahata, T. Kurioka, T. Yamada, C. Mukaide, K. Machida, T. M. Chang, C. Chen, Y. Miyake, H. Ito, M. Sone","Institute of Science Tokyo, Japan",/home/tsai/YoshiNAS/Tasks/APCOT2026_Proceedings/APCOT_Abstract/0147.pdf,2,373,374
0430,0430,"Wednesday, June 24",OR3-1E Self Organized 3 From Single-Cell Analysis to Biomimetic Systems,10:00-12:00,10:45,Plum Blossom 2,MusTer: A Generalizable Microfluidic Platform Combining Multi-Parametric Droplet Sorting and Multi-Droplet Merging in Single-Cell Sequencing,"Guangyao Chenga, †, Luoquan Lia, †, Weilun Liub, †, Silin Zhongb, Yi-Ping Hoa","The Chinese University of Hong Kong, Hong Kong SAR",/home/tsai/YoshiNAS/Tasks/APCOT2026_Proceedings/APCOT_Abstract/0430.pdf,2,375,376
0213,0213,"Wednesday, June 24","OR3-1C Materials, Fabrication and Packaging 2",10:00-12:00,10:52,Rose 2,Fabrication of 3D Porous Sensors on Curved Surfaces Using Shear-Thinning Inks,"M. Kang, J. Lim","Gachon University, Korea",/home/tsai/YoshiNAS/Tasks/APCOT2026_Proceedings/APCOT_Abstract/0213.pdf,2,377,378
0418,0418,"Wednesday, June 24",OR3-1D Physical Sensors and MEMS/NEMS 3,10:00-12:00,10:52,Rose 3,Artificial Tactile Perceptual Distance Using Mechanoreceptor-Inspired Temporal Response Models,"Ryusuke. Mitobe, Takashi. Abe, Masayuki. Sohgawa","Niigata University, Japan",/home/tsai/YoshiNAS/Tasks/APCOT2026_Proceedings/APCOT_Abstract/0418.pdf,2,379,380
0413,0413,"Wednesday, June 24",OR3-1A Micro/Nano Fluidics 2,10:00-12:00,10:54,Grand Ballroom 1,FET-based Biosensor for Detection of Acute Respiratory Distress Syndrome,"Ping-Hua Cheng, Yu-Chuan Chang, Yu-Jui Fan, Horn-Jiunn Sheen","National Taiwan University, Taiwan [1], National Yang Ming Chiao Tung University, Taiwan [2]",/home/tsai/YoshiNAS/Tasks/APCOT2026_Proceedings/APCOT_Abstract/0413.pdf,2,381,382
0252,0252,"Wednesday, June 24","OR3-1B Theory, Design and Simulation",10:00-12:00,10:56,Rose 1,Design of a High Voltage MEMS Oscillator for Sensing and Computing Application,"En Yu Chen, Hao-Chiao Hong, Yi Chiu","National Yang Ming Chiao Tung University, Taiwan",/home/tsai/YoshiNAS/Tasks/APCOT2026_Proceedings/APCOT_Abstract/0252.pdf,2,383,384
0434,0434,"Wednesday, June 24",OR3-1E Self Organized 3 From Single-Cell Analysis to Biomimetic Systems,10:00-12:00,11:00,Plum Blossom 2,Deformability Cytometry for Noninvasive High-throughput Characterization of Cells,Megan Yi-Ping Ho,"The Chinese University of Hong Kong, Hong Kong SAR 11:15/Invited speech Continuous Analysis of Mechanical and Biological Properties of a Single Cell Using MEMS Tweezers Momoko Kumemura Kyushu Institute of Technology, Japan",/home/tsai/YoshiNAS/Tasks/APCOT2026_Proceedings/APCOT_Abstract/0434.pdf,1,385,385
0235,0235,"Wednesday, June 24","OR3-1C Materials, Fabrication and Packaging 2",10:00-12:00,11:04,Rose 2,"Tri-Layer Soft-Rigid Stretchable Substrates for Direct Fabrication Stretchable Electronics Device Shusuke Yamakoshi [1], Fumika Nakamura [1], Sho Sato [1], Yuji Isano [1], Yutaka Isoda [1],","Ryosuke Matsuda, Naoko Namba, Tsuyoshi Sekitani, Takafumi Uemura, Hiroki Ota","Yokohama National University, Japan [1], The University of Osaka, Japan [2]",/home/tsai/YoshiNAS/Tasks/APCOT2026_Proceedings/APCOT_Abstract/0235.pdf,2,386,387
0424,0424,"Wednesday, June 24",OR3-1D Physical Sensors and MEMS/NEMS 3,10:00-12:00,11:04,Rose 3,Automated Adaptive Feature Extraction for Microfluidic Droplet Voiceprint Monitoring via Heuristic Optimization,"Yi-Lun Lan, Chia-Hung Tsai","National Yang Ming Chiao Tung University, Taiwan",/home/tsai/YoshiNAS/Tasks/APCOT2026_Proceedings/APCOT_Abstract/0424.pdf,2,388,389
0227,0227,"Wednesday, June 24",OR3-1A Micro/Nano Fluidics 2,10:00-12:00,11:06,Grand Ballroom 1,Microfluidic Platform for Non-Destructive Mechanical Characterization of Growing Roots Using Controlled Osmotic Loading,"H. Hida, T. Hamada, S. Fukui, I. Kanno, M. Notaguchi","Kobe University, Japan [1], Kyoto University, Japan [2]",/home/tsai/YoshiNAS/Tasks/APCOT2026_Proceedings/APCOT_Abstract/0227.pdf,2,390,391
0338,0338,"Wednesday, June 24","OR3-1B Theory, Design and Simulation",10:00-12:00,11:08,Rose 1,"Spring-Terminated Cantilever Structure: Modelling, Design and Fabrication","Ismaeel Shah, Aron Michael, Hemanshu Pota","UNSW, Australia",/home/tsai/YoshiNAS/Tasks/APCOT2026_Proceedings/APCOT_Abstract/0338.pdf,2,392,393
0309,0309,"Wednesday, June 24","OR3-1C Materials, Fabrication and Packaging 2",10:00-12:00,11:16,Rose 2,Novel Deposition Technique for Fabricating Films with Customized Thickness Profiles,"Chi-Yung Hsieh, Yu-Chi Lin, Xuan-Shan Huang, Jing-Ting Lin, Cheng-Sheng Huang","National Yang Ming Chiao Tung University, Taiwan",/home/tsai/YoshiNAS/Tasks/APCOT2026_Proceedings/APCOT_Abstract/0309.pdf,2,394,395
0390,0390,"Wednesday, June 24",OR3-1D Physical Sensors and MEMS/NEMS 3,10:00-12:00,11:16,Rose 3,"Magnetic-Piezoelectric MEMS Based 3-Axial Magnetic Sensor for DC, AC 60 Hz, and AC Resonating Magnetic Field Applications",Yu-En Tsai、Hao Duan、Che-Wei Lin、Tien-Kan Chung、,"National Yang Ming Chiao Tung University, Taiwan",/home/tsai/YoshiNAS/Tasks/APCOT2026_Proceedings/APCOT_Abstract/0390.pdf,4,396,399
0262,0262,"Wednesday, June 24",OR3-1A Micro/Nano Fluidics 2,10:00-12:00,11:18,Grand Ballroom 1,Flows Driven in Biomimetic Fluidic Device with Decoupled Features of Small Intestinal Tract,"Kazuki Komatsu, Satoru Kuriu, Naoyuki Yamamoto, Tadashi Ishida","Institute of Science Tokyo, Japan [1], The University of Tokyo, Japan [2], Juntendo University, Japan [3]",/home/tsai/YoshiNAS/Tasks/APCOT2026_Proceedings/APCOT_Abstract/0262.pdf,2,400,401
0388,0388,"Wednesday, June 24","OR3-1B Theory, Design and Simulation",10:00-12:00,11:20,Rose 1,An Equivalent Circuit Model for Analyzing Nonlinear Phenomena in a NEMS resonator,"Kyosuke Tokuno, Yoshishige Tsuchiya, Daisuke Yamane","Ritsumeikan University, Japan [1], University of Southampton, UK [2]",/home/tsai/YoshiNAS/Tasks/APCOT2026_Proceedings/APCOT_Abstract/0388.pdf,2,402,403
0339,0339,"Wednesday, June 24","OR3-1C Materials, Fabrication and Packaging 2",10:00-12:00,11:28,Rose 2,Ultra-thin Piezoelectric Micromachined Ultrasound Transducer Based on Silicon-on-Nothing Structure,"Z. Tang, A. Vergara, S. Tanaka","Tohoku University, Japan",/home/tsai/YoshiNAS/Tasks/APCOT2026_Proceedings/APCOT_Abstract/0339.pdf,2,404,405
0402,0402,"Wednesday, June 24",OR3-1D Physical Sensors and MEMS/NEMS 3,10:00-12:00,11:28,Rose 3,A Quasi-Zero Stiffness MEMS Resonator with Electrically Tunable Nonlinearity,"Tongtian Zhang, Junhui Wu, Xinchen Wan, Guangya Zhou","National University of Singapore, Singapore",/home/tsai/YoshiNAS/Tasks/APCOT2026_Proceedings/APCOT_Abstract/0402.pdf,2,406,407
0294,0294,"Wednesday, June 24",OR3-1A Micro/Nano Fluidics 2,10:00-12:00,11:30,Grand Ballroom 1,UV Laser-Enhanced Yield Improvement of Dinuclear Zn(II) Complexes in a Microfluidic Platform,"Daiki Tanaka, Masashi Kobayashi, Risa Fujita, Takashiro Akitsu, Takashi Tanii, Shuichi Shoji, Masahiro Furuya","Waseda University, Japan [1], Tokyo University of Science, Japan [2]",/home/tsai/YoshiNAS/Tasks/APCOT2026_Proceedings/APCOT_Abstract/0294.pdf,2,408,409
0362,0362,"Wednesday, June 24",OR3-1E Self Organized 3 From Single-Cell Analysis to Biomimetic Systems,10:00-12:00,11:30,Plum Blossom 2,Arrays of Neuronal Spheroids and Measurement of Neural Activity,"Yuto Sato, Midori Kato-Negishi, Yuya Sato, Takashi Tanii, Yuya Morimoto","Waseda University, Japan [1], Musashino University, Japan [2]",/home/tsai/YoshiNAS/Tasks/APCOT2026_Proceedings/APCOT_Abstract/0362.pdf,2,410,411
0358,0358,"Wednesday, June 24","OR3-1C Materials, Fabrication and Packaging 2",10:00-12:00,11:40,Rose 2,Wrinkle-free SiO2 Membrane Fabrication for Soft X-Ray Analysis,"A. Mizushima, Y. Nagayama, T. Nagata, K. Inoue, T. Kimura, Y. Mita","The University of Tokyo, Japan",/home/tsai/YoshiNAS/Tasks/APCOT2026_Proceedings/APCOT_Abstract/0358.pdf,2,412,413
0454,0454,"Wednesday, June 24",OR3-1D Physical Sensors and MEMS/NEMS 3,10:00-12:00,11:40,Rose 3,Innovative Thermomagnetic Ultra-Thick Film Based Target Demonstrating a Wireless Electromagnetic Induction Heating and Temperature Measurement of Lung Lesions,"Yi-Hsien Wu#, Ching-Kai Lin, #, Chen-Wei Chang, Chin-Chung Chen, Shu-Chung Lee, Yun-Chien Cheng, Tien-Kan Chung","National Yang Ming Chiao Tung University, Taiwan [1], National Taiwan University Cancer Center, Taiwan [2]",/home/tsai/YoshiNAS/Tasks/APCOT2026_Proceedings/APCOT_Abstract/0454.pdf,3,414,416
0247,0247,"Wednesday, June 24",OR3-1E Self Organized 3 From Single-Cell Analysis to Biomimetic Systems,10:00-12:00,11:42,Plum Blossom 2,UiO-66 MOF-Integrated Microarrays for Multiplexed and High-Throughput Detection of Cancer Biomarkers,"Yi-Syuan Zeng, Hung-Wei Yang","National Cheng Kung University, Taiwan 12:00-13:00",/home/tsai/YoshiNAS/Tasks/APCOT2026_Proceedings/APCOT_Abstract/0247.pdf,2,417,418
0353,0353,"Wednesday, June 24",OR3-1A Micro/Nano Fluidics 2,10:00-12:00,11:42,Grand Ballroom 1,On-Chip Chemical Control of the Gaseous Microenvironment for Root Growth Using an Integrated Micromixer,"T. Fukunaga, M. P. Beier, I. Kanno, H. Hida","Kobe University, Japan [1], Fukushima Institute for Research, Japan [2]",/home/tsai/YoshiNAS/Tasks/APCOT2026_Proceedings/APCOT_Abstract/0353.pdf,2,419,420
0165,0165,"Wednesday, June 24","OR3-2B Data Processing, AI, and Novel Application",13:00-14:00,13:00,Rose 1,Micro-Volume Viscosity Measurement by Janus Particle-Based Rotational Diffusometry Combining Deep Learning,"Soumyajit Podder, Tatsuhito Hasegawa, Han-Sheng Chuang","National Cheng Kung University, Taiwan [1], University of Fukui, Japan [2]",/home/tsai/YoshiNAS/Tasks/APCOT2026_Proceedings/APCOT_Abstract/0165.pdf,2,421,422
0205,0205,"Wednesday, June 24",OR3-2E Bio/Medical Sensors and MEMS/NEMS 5,13:00-14:00,13:00,Plum Blossom 2,Application and Therapeutic Evaluation of Folic Acid–Modified Boric Acid– Poly(vinyl alcohol) Nanodrugs for Boron Neutron Capture Therapy of Pancreatic Cancer,"Chi-Heng. Lee, Chu-Yi Tang, Fan-Gang Tseng","National Tsing Hua University, Taiwan [1], Research Center for Applied Sciences, Academia Sinica, Taiwan [2]",/home/tsai/YoshiNAS/Tasks/APCOT2026_Proceedings/APCOT_Abstract/0205.pdf,2,423,424
0217,0217,"Wednesday, June 24","OR3-2C Materials, Fabrication and Packaging 3",13:00-14:00,13:00,Rose 2,Wet Bulk Micromachining of Borofloat Glass Wafers Using Ni Thin- Film/Photoresist Masks,"Vishal Sahu, Priyanka Dewangan, Prem Pal","Indian Institute of Technology Hyderabad, India",/home/tsai/YoshiNAS/Tasks/APCOT2026_Proceedings/APCOT_Abstract/0217.pdf,2,425,426
0283,0283,"Wednesday, June 24",OR3-2D Chemical/Bio/Medical Sensors and MEMS/NEMS,13:00-14:00,13:00,Rose 3,Sensitivity of LSPR Sensor using Gold Nanotriangles Synthesized with Microfluidics,"Y. Xie, M. Hamamoto, H. Yagyu","Kanto Gakuin University, Japan",/home/tsai/YoshiNAS/Tasks/APCOT2026_Proceedings/APCOT_Abstract/0283.pdf,2,427,428
0312,0312,"Wednesday, June 24",OR3-2A Physical Sensors and MEMS/NEMS 4,13:00-14:00,13:00,Grand Ballroom 1,Moiré Pattern Vision-Based Tactile Sensor: A Robust Solution for Multidirectional Force Detection and Object Recognition,"Gandha Satria Adi, Yongrok Jeong, Inkyu Park","Korea Advanced Institute of Science and Technology (KAIST), Korea [1], Kyungpook National University (KNU), Korea [2]",/home/tsai/YoshiNAS/Tasks/APCOT2026_Proceedings/APCOT_Abstract/0312.pdf,2,429,430
0150,0150,"Wednesday, June 24",OR3-2D Chemical/Bio/Medical Sensors and MEMS/NEMS,13:00-14:00,13:12,Rose 3,Omnidirectional Spiral Surface Acoustic Wave–Driven Rapid Immunofluorescence Intensification via Porous Hydrogel Microbeads,"Chun-Jui Chen, Wei Hsiang Chou, Jaesung Kwon, Han-Sheng Chuang","National Cheng Kung University, Taiwan [1], Incheon National University, Korea [2]",/home/tsai/YoshiNAS/Tasks/APCOT2026_Proceedings/APCOT_Abstract/0150.pdf,2,431,432
0152,0152,"Wednesday, June 24","OR3-2B Data Processing, AI, and Novel Application",13:00-14:00,13:12,Rose 1,Prognostic Value of Circulating Hybrid Cells and P-score in Colorectal Cancer: An Analysis via HD-SACA System,"Hsiang-Wei Liu, Po-Cheng Liu, Jie-Yu Liu, Chun-Chi Lin, Fan-Gang Tseng","National Tsing Hua University, Taiwan [1], Taipei Veterans General Hospital, Taiwan [2]",/home/tsai/YoshiNAS/Tasks/APCOT2026_Proceedings/APCOT_Abstract/0152.pdf,2,433,434
0279,0279,"Wednesday, June 24",OR3-2A Physical Sensors and MEMS/NEMS 4,13:00-14:00,13:12,Grand Ballroom 1,Enhanced Sensitivity of Flexible Laser-Induced Graphene Pressure Sensors via Hilbert-Curve Patterning for Smart Fitness Applications,"Y. C. Lin, J. T. Wu, H. F. Lin, Y. W. Lu","National Taiwan University, Taiwan [1], University of Minnesota Twin Cities, USA [2]",/home/tsai/YoshiNAS/Tasks/APCOT2026_Proceedings/APCOT_Abstract/0279.pdf,2,435,436
0360,0360,"Wednesday, June 24","OR3-2C Materials, Fabrication and Packaging 3",13:00-14:00,13:12,Rose 2,Suppression of Rubidium Loss During Thermal Decomposition in MEMS Vapor Cells Using Thin ALD-AL₂O₃ Layers,"S. Kiyose, T. Tsuchiya, Y. Hirai","Kyoto University, Japan",/home/tsai/YoshiNAS/Tasks/APCOT2026_Proceedings/APCOT_Abstract/0360.pdf,2,437,438
0372,0372,"Wednesday, June 24",OR3-2E Bio/Medical Sensors and MEMS/NEMS 5,13:00-14:00,13:12,Plum Blossom 2,Acupuncture Needle-Based Conformal Sensor Platform for Deep-Tissue Oxygen Monitoring,"Yeju Seo, Inkyu Park","Korea Advanced Institute of Science & Technology, Korea",/home/tsai/YoshiNAS/Tasks/APCOT2026_Proceedings/APCOT_Abstract/0372.pdf,2,439,440
0219,0219,"Wednesday, June 24",OR3-2D Chemical/Bio/Medical Sensors and MEMS/NEMS,13:00-14:00,13:24,Rose 3,Hetero-Core Fiber Optic Localized Surface Plasmon Resonance Sensor for Evaluating the Concentration of Glucose in Aqueous Samples,"D. Banerjee, M. Nishiyama","Soka University, Japan",/home/tsai/YoshiNAS/Tasks/APCOT2026_Proceedings/APCOT_Abstract/0219.pdf,2,441,442
0291,0291,"Wednesday, June 24",OR3-2A Physical Sensors and MEMS/NEMS 4,13:00-14:00,13:24,Grand Ballroom 1,A SiC Thin-film Heat Flux Sensor with Microsecond Response for Extreme High Temperature Exposure Up To 1500 °C,"Y. Zhu, Z. Ye, A. Yi, Z. Lu, H. Zhou, Y. Wang, X. Ou, T. Li","Shanghai Institute of Microsystem and Information Technology, Chinese Academy of Sciences, China [1] University of Chinese Academy of Sciences, China [2]",/home/tsai/YoshiNAS/Tasks/APCOT2026_Proceedings/APCOT_Abstract/0291.pdf,2,443,444
0369,0369,"Wednesday, June 24","OR3-2C Materials, Fabrication and Packaging 3",13:00-14:00,13:24,Rose 2,Fabrication of Aerogel-Based Transparent Haze Film for Enhanced Forward Light Scattering and Passive Radiative Cooling in Solar Cells,"G. W. Lee, J. Choi","Chung-Ang University, Korea",/home/tsai/YoshiNAS/Tasks/APCOT2026_Proceedings/APCOT_Abstract/0369.pdf,2,445,446
0370,0370,"Wednesday, June 24","OR3-2B Data Processing, AI, and Novel Application",13:00-14:00,13:24,Rose 1,Charge-Modulated Conductance and Synaptic Behavior in Gr/h-BN/WSe2 van der Waals Transistors,"Jing-Wei Wang, Yen-Fu Lin, Shu-Ping Lin","National Chung Hsing University, Taiwan [1], National Yang Ming Chiao Tung University, Taiwan [2]",/home/tsai/YoshiNAS/Tasks/APCOT2026_Proceedings/APCOT_Abstract/0370.pdf,2,447,448
0377,0377,"Wednesday, June 24",OR3-2E Bio/Medical Sensors and MEMS/NEMS 5,13:00-14:00,13:24,Plum Blossom 2,Verification of Detection Depth Control in Skin Moisture Monitoring Using Narrow-gap Interdigitated Electrode Sensors,"H. Ito, Y. Sakaue, H. Ishizuka, O. Oshiro","The University of Osaka, Japan",/home/tsai/YoshiNAS/Tasks/APCOT2026_Proceedings/APCOT_Abstract/0377.pdf,2,449,450
0253,0253,"Wednesday, June 24","OR3-2B Data Processing, AI, and Novel Application",13:00-14:00,13:36,Rose 1,Ring-width regulated Underfocus Real-Time Deformability Cytometry,"Qinru XIAO, Guangyao CHENG, Kuan Wen Lou, Yi-Ping HO","The Chinese University of Hong Kong, Hong Kong SAR",/home/tsai/YoshiNAS/Tasks/APCOT2026_Proceedings/APCOT_Abstract/0253.pdf,2,451,452
0300,0300,"Wednesday, June 24",OR3-2A Physical Sensors and MEMS/NEMS 4,13:00-14:00,13:36,Grand Ballroom 1,Roberval-Type Load Cell with a Directly Formed Piezoresistor by LASER Annealing,"Tatsuki Ono, Rihachiro Nakashima, Soya Sato, Masahiro Fukuta, Hidetoshi Takahashi","Keio University, Japan",/home/tsai/YoshiNAS/Tasks/APCOT2026_Proceedings/APCOT_Abstract/0300.pdf,2,453,454
0368,0368,"Wednesday, June 24",OR3-2D Chemical/Bio/Medical Sensors and MEMS/NEMS,13:00-14:00,13:36,Rose 3,Development of a Clinically Reliable Platform for Noninvasive Sweat Glucose Sensing,"Hsiu-Pen Lin, Yi-Ning Yeh, Pei-An Chen, Bor-Ran Li","National Yang Ming Chiao Tung University, Taiwan",/home/tsai/YoshiNAS/Tasks/APCOT2026_Proceedings/APCOT_Abstract/0368.pdf,2,455,456
0379,0379,"Wednesday, June 24",OR3-2E Bio/Medical Sensors and MEMS/NEMS 5,13:00-14:00,13:36,Plum Blossom 2,Reliable Single-Molecule-Level DNA Base Identification by Combining Weighted Peak Scoring and Machine Learning Analysis of SERS Spectra,"M. Taguchi, Y. Ogura, S. Yotsuzuka, H. Honma, K. Sugano, Y. Isono","Kobe University, Japan",/home/tsai/YoshiNAS/Tasks/APCOT2026_Proceedings/APCOT_Abstract/0379.pdf,2,457,458
0406,0406,"Wednesday, June 24","OR3-2C Materials, Fabrication and Packaging 3",13:00-14:00,13:36,Rose 2,Fabrication and Integration of a 3D Micro-Lattice Electrode for Microfluidic Enzymatic Systems,"Satoshi Amaya, Mizuki Maeda, Hirotaka Sugiura, Fumihito Arai, Hiroaki Sakamoto","The University of Tokyo, Japan [1], University of Fukui, Japan [2]",/home/tsai/YoshiNAS/Tasks/APCOT2026_Proceedings/APCOT_Abstract/0406.pdf,2,459,460
0157,0157,"Wednesday, June 24","OR3-2C Materials, Fabrication and Packaging 3",13:00-14:00,13:48,Rose 2,Nanoscale 3D Printing of Selectively Silicon-Nanocrystal-Functionalized Silica Glass Structures,"Chao-Yuan Tan, Po-Han Huang","National Tsing Hua University, Taiwan",/home/tsai/YoshiNAS/Tasks/APCOT2026_Proceedings/APCOT_Abstract/0157.pdf,2,461,462
0344,0344,"Wednesday, June 24",OR3-2A Physical Sensors and MEMS/NEMS 4,13:00-14:00,13:48,Grand Ballroom 1,A Temperature-compensated Liquid-metal Flexible Strain Sensor Integrated into a Microfinger for Tactile Sensing under Temperature Variations,"Kensei Hara, Yuto Hori, Satoshi Konishi","Ritsumeikan University, Japan",/home/tsai/YoshiNAS/Tasks/APCOT2026_Proceedings/APCOT_Abstract/0344.pdf,2,463,464
0380,0380,"Wednesday, June 24",OR3-2E Bio/Medical Sensors and MEMS/NEMS 5,13:00-14:00,13:48,Plum Blossom 2,"Battery-Free, Wireless Multi-Axial Sensor Array for Continuous Pressure and Shear Monitoring at the Skin-Cast Interface","Jiwon Moon, Hyeonseok Han, Seokjoo Cho, Inkyu Park","KAIST, Korea",/home/tsai/YoshiNAS/Tasks/APCOT2026_Proceedings/APCOT_Abstract/0380.pdf,2,465,466
0394,0394,"Wednesday, June 24","OR3-2B Data Processing, AI, and Novel Application",13:00-14:00,13:48,Rose 1,Synchronization in Duffing MEMS Resonators and Chaos-Based Encryption,"Zheng Zhang, Junhui Wu, Guangya Zhou","National University of Singapore, Singapore",/home/tsai/YoshiNAS/Tasks/APCOT2026_Proceedings/APCOT_Abstract/0394.pdf,2,467,468
0416,0416,"Wednesday, June 24",OR3-2D Chemical/Bio/Medical Sensors and MEMS/NEMS,13:00-14:00,13:48,Rose 3,Nanostructured Biosensing Platforms for Rapid Diagnosis of Swine Viral and Bacterial Diseases,"Yi-Jing Liao +, Shu-Ping Lin","National Chung Hsing University, Taiwan [1], National Yang Ming Chiao Tung University, Taiwan [2]",/home/tsai/YoshiNAS/Tasks/APCOT2026_Proceedings/APCOT_Abstract/0416.pdf,2,469,470
0248,PO3-01,"Wednesday, June 24",Poster Session PO3,14:00-15:30,14:00,Grand Ballroom 2,Transdermal Microneedle Tyrosinase Sensor Based on Phenylboronic Acid- Modified Pt-mSiO₂ Nanorods for Early Melanoma Detection,"Chien-Pin Wang, Hung-Wei Yang","National Cheng Kung University, Taiwan",/home/tsai/YoshiNAS/Tasks/APCOT2026_Proceedings/APCOT_Abstract/0248.pdf,2,471,472
0391,PO3-02,"Wednesday, June 24",Poster Session PO3,14:00-15:30,14:00,Grand Ballroom 2,Advancing BNCT Precision Medicine Through Accelerated Aptamer Selection and AI-Driven Data Mining for High-Sensitivity Boronophenylalanine Monitoring,"Yi-Fang Wu, Yi-Te She, Yu-Lin Wang","National Tsing Hua University, Taiwan",/home/tsai/YoshiNAS/Tasks/APCOT2026_Proceedings/APCOT_Abstract/0391.pdf,2,473,474
0393,PO3-03,"Wednesday, June 24",Poster Session PO3,14:00-15:30,14:00,Grand Ballroom 2,Extracellular Potential Recording of Innervated Cultured Skin Using Flexible Parylene Electrodes,"Koji Shibata, Midori Kato-Negishi, Yuya Morimoto","Waseda University, Japan [1], Musashino University, Japan [2]",/home/tsai/YoshiNAS/Tasks/APCOT2026_Proceedings/APCOT_Abstract/0393.pdf,2,475,476
0395,PO3-04,"Wednesday, June 24",Poster Session PO3,14:00-15:30,14:00,Grand Ballroom 2,AI-Driven Process-Tolerant BioFET Sensing Model for Precise Biliary Atresia Diagnosis of Infants with a Single Drop of Blood,"Chia Kai Lin, Yu-Lin Wang","National Tsing Hua University, Taiwan",/home/tsai/YoshiNAS/Tasks/APCOT2026_Proceedings/APCOT_Abstract/0395.pdf,2,477,478
0409,PO3-05,"Wednesday, June 24",Poster Session PO3,14:00-15:30,14:00,Grand Ballroom 2,Rapid Quantification of Short-Chain Fatty Acids in Human Fecal Samples via Dual-Mechanism Electrochemical Sensing and Artificial Neural Networks,"Bing-Chen Gu, Zhi-Xuan Lin, Zhung-Wen Yeh, Chia-Che Wu","National Chung Hsing University, Taiwan",/home/tsai/YoshiNAS/Tasks/APCOT2026_Proceedings/APCOT_Abstract/0409.pdf,1,479,479
0415,PO3-06,"Wednesday, June 24",Poster Session PO3,14:00-15:30,14:00,Grand Ballroom 2,Development of a Microfluidic Platform for Bone Substitute Degradation Evaluation Incorporating Dynamic Squeezing Stimulation and Impedance Monitoring,"J. Y. Huang, B. R. Tu, C. H. Huang","HungKuang University, Taiwan",/home/tsai/YoshiNAS/Tasks/APCOT2026_Proceedings/APCOT_Abstract/0415.pdf,2,480,481
0420,PO3-07,"Wednesday, June 24",Poster Session PO3,14:00-15:30,14:00,Grand Ballroom 2,NH₂-Functionalized MIL-101(Fe) Metal–Organic Frameworks as an Efficient Signal-Enhancing Interface for Electrochemical Aptasensing of Vibrio harveyi,"Rajesh Kumar Raghav, Chia-Yu Hsieh, Ching-Chou Wu","National Chung Hsing University, Taiwan",/home/tsai/YoshiNAS/Tasks/APCOT2026_Proceedings/APCOT_Abstract/0420.pdf,2,482,483
0426,PO3-08,"Wednesday, June 24",Poster Session PO3,14:00-15:30,14:00,Grand Ballroom 2,"Multifunctional Nanostructured Biosensor Platform Integrating Electrical,","Optical Transduction Mechanisms Hung-Hsiang Wang, Yu-Quan Chen, Chih-Ting Lin","National Taiwan University, Taiwan",/home/tsai/YoshiNAS/Tasks/APCOT2026_Proceedings/APCOT_Abstract/0426.pdf,2,484,485
0436,PO3-09,"Wednesday, June 24",Poster Session PO3,14:00-15:30,14:00,Grand Ballroom 2,Print-Pause-Print Adaptation in Digital Light Processing 3D-Printing for Efficient Fabrication of Cell Culture and Monitoring Devices,"Phong V. Lam, Huei-Wen Chen, Pai-Shan Chen, Pin-Chuan Chen","National Taiwan University of Science and Technology, Taiwan [1], National Taiwan University, Taiwan [2]",/home/tsai/YoshiNAS/Tasks/APCOT2026_Proceedings/APCOT_Abstract/0436.pdf,2,486,487
0455,PO3-10,"Wednesday, June 24",Poster Session PO3,14:00-15:30,14:00,Grand Ballroom 2,Sweat Ion Sensor Based on an Ultra-Thin In₂O₃ Field-Effect Transistor,"Jheng-Ru Wu, Yu-Ta Chen, Chien-Fu Chen","National Taiwan University, Taiwan",/home/tsai/YoshiNAS/Tasks/APCOT2026_Proceedings/APCOT_Abstract/0455.pdf,2,488,489
0457,PO3-11,"Wednesday, June 24",Poster Session PO3,14:00-15:30,14:00,Grand Ballroom 2,Development and Validation of a Mechanical Sector-Scanning High-Frequency Ultrasound Imaging System for Curved Nail Unit Structures,"Shing-You Chou, Jian-Xing Wu","National Sun Yat-sen University, Taiwan",/home/tsai/YoshiNAS/Tasks/APCOT2026_Proceedings/APCOT_Abstract/0457.pdf,2,490,491
0346,PO3-12,"Wednesday, June 24",Poster Session PO3,14:00-15:30,14:00,Grand Ballroom 2,An Investigation into Size and Shape Effects on Al2O3-ISFET Performance,"Chen-Chieh Tu, Tsung-Yang Chen, Feng-Cheng Chao, Pei-Yu Lin, Chih-Ting Lin","National Taiwan University, Taiwan",/home/tsai/YoshiNAS/Tasks/APCOT2026_Proceedings/APCOT_Abstract/0346.pdf,2,492,493
0366,PO3-13,"Wednesday, June 24",Poster Session PO3,14:00-15:30,14:00,Grand Ballroom 2,Surface Modification-Based Electrode Electrochemical Sensing of Sodium Dodecyl Sulfate with Molecularly Imprinted Polypyrrole Films,"Abbey V. Franco, Dharmatov R. Albano","UST Graduate School, Philippines",/home/tsai/YoshiNAS/Tasks/APCOT2026_Proceedings/APCOT_Abstract/0366.pdf,2,494,495
0386,PO3-14,"Wednesday, June 24",Poster Session PO3,14:00-15:30,14:00,Grand Ballroom 2,Defect-Rich Bimetallic Layered Double Hydroxide/Graphene Nanohybrids for Voltammetric Determination of Veterinary Antibiotics in Complex Matrices,"Chen-Ho Wua, Francis Packiaraj Don Disouza, Gomathi Balasubramaniyan Tamil Prabhakaran, Shen-Ming Chen","National Taipei University of Technology, Taiwan",/home/tsai/YoshiNAS/Tasks/APCOT2026_Proceedings/APCOT_Abstract/0386.pdf,3,496,498
0404,PO3-15,"Wednesday, June 24",Poster Session PO3,14:00-15:30,14:00,Grand Ballroom 2,Development and Investigation of Highly Selective Chemoresistive Sensing Materials for Aldehyde Gas Detection,"Hui-Tzu Chang, Yun-Shan Tsai, Chung-Wei Kung, Shih-Han Wang","National Yunlin University of Science and Technology, Taiwan [1], National Cheng Kung University, Taiwan [2]",/home/tsai/YoshiNAS/Tasks/APCOT2026_Proceedings/APCOT_Abstract/0404.pdf,2,499,500
0451,PO3-16,"Wednesday, June 24",Poster Session PO3,14:00-15:30,14:00,Grand Ballroom 2,Arc Filament Generated Plasma Ion Source Using a Cigarette Ignition Coil for Mass Spectrometry Applications,"Yun-Hsin Shih, Che-Hsin Lin","National Sun Yat-sen University, Taiwan",/home/tsai/YoshiNAS/Tasks/APCOT2026_Proceedings/APCOT_Abstract/0451.pdf,2,501,502
0270,PO3-17,"Wednesday, June 24",Poster Session PO3,14:00-15:30,14:00,Grand Ballroom 2,A Solvent-Free Photoresist Transfer Approach for Micropattern Fabrication,"Na Yoon Kim, Kyeong Jun Park, Ho Hyun Keum, Hoe Joon Kim","DGIST, Korea [1], KITECH, Korea [2]",/home/tsai/YoshiNAS/Tasks/APCOT2026_Proceedings/APCOT_Abstract/0270.pdf,2,503,504
0271,PO3-18,"Wednesday, June 24",Poster Session PO3,14:00-15:30,14:00,Grand Ballroom 2,Investigation of the Impact of Substrate Grating Structures on Contact Resistance in Graphene-based Field Effect Transistor,"Wei-Yu Long, Yan-Yi Lin, Po-Han Shia, Chih-Ting Lin","National Taiwan University, Taiwan",/home/tsai/YoshiNAS/Tasks/APCOT2026_Proceedings/APCOT_Abstract/0271.pdf,2,505,506
0277,PO3-19,"Wednesday, June 24",Poster Session PO3,14:00-15:30,14:00,Grand Ballroom 2,Surface Zeta Potential and Time-Dependent Changes of Plasma-Activated Silicon Wafers for Direct Bonding,"Yukio Suzuki, Joji Kato, Yuta Karasumi, Tatsuya Matsumoto, Junxiao Shen, Shuji Tanaka","Tohoku University, Japan [1], Otsuka Electronics Co., Ltd, Japan [2];",/home/tsai/YoshiNAS/Tasks/APCOT2026_Proceedings/APCOT_Abstract/0277.pdf,2,507,508
0311,PO3-20,"Wednesday, June 24",Poster Session PO3,14:00-15:30,14:00,Grand Ballroom 2,Preparation of Nanoclusters-supported on Titanium Oxide by Colloidal Immobilized Method,"Q. Lai, Z. Zhang, H. Yagyu","Kanto Gakuin University, Japan",/home/tsai/YoshiNAS/Tasks/APCOT2026_Proceedings/APCOT_Abstract/0311.pdf,2,509,510
0343,PO3-21,"Wednesday, June 24",Poster Session PO3,14:00-15:30,14:00,Grand Ballroom 2,Ammonia Gas Detection Using a Hetero-Core Optical Fiber Sensor Coated with Layer-by-Layer Deposited PDDA/TSPP Film,"T. Kawasaki, M. Kuroiwa, K. Kikuchi, M. Nishiyama, K. Watanabe, J. Ida","Soka University, Japan",/home/tsai/YoshiNAS/Tasks/APCOT2026_Proceedings/APCOT_Abstract/0343.pdf,2,511,512
0398,PO3-22,"Wednesday, June 24",Poster Session PO3,14:00-15:30,14:00,Grand Ballroom 2,Optimization of Growth Parameters and Microstructural Properties of AlN Films on Sapphire Deposited by HiPIMS,"Chih-Jou Tseng, Ya-Hsuan Chen, Chih-Yang Huang, Ray-Hua Horng","National Yang Ming Chiao Tung University, Taiwan",/home/tsai/YoshiNAS/Tasks/APCOT2026_Proceedings/APCOT_Abstract/0398.pdf,2,513,514
0335,PO3-23,"Wednesday, June 24",Poster Session PO3,14:00-15:30,14:00,Grand Ballroom 2,Integrated Microfluidic Circuit with Block Diagrams in MATLAB,"Yung-Hsiang Chang, Kyojiro Morikawa, Takehiko Kitamori, Chihchen Chen","National Tsing Hua University, Taiwan",/home/tsai/YoshiNAS/Tasks/APCOT2026_Proceedings/APCOT_Abstract/0335.pdf,2,515,516
0363,PO3-24,"Wednesday, June 24",Poster Session PO3,14:00-15:30,14:00,Grand Ballroom 2,Rheological Behavior Analysis and Mechanical Phenotyping Study of Cells Passing Through Microchannels Based on Finite Element Method,"Yuhang Li, Yaoqiang Liu, Xiaoling Hu, Kui Song","Xiangtan University, China",/home/tsai/YoshiNAS/Tasks/APCOT2026_Proceedings/APCOT_Abstract/0363.pdf,2,517,518
0412,PO3-25,"Wednesday, June 24",Poster Session PO3,14:00-15:30,14:00,Grand Ballroom 2,Microchamber-Based Digital PCR for The Detection of COVID-19 Virus,"Chang-Fu Huang, Yen-Heng Lin","Chang Gung University, Taiwan",/home/tsai/YoshiNAS/Tasks/APCOT2026_Proceedings/APCOT_Abstract/0412.pdf,2,519,520
0316,PO3-26,"Wednesday, June 24",Poster Session PO3,14:00-15:30,14:00,Grand Ballroom 2,Nano-Grating-Assisted Integration of SPR and SERS for Advanced Plasmonic Sensing,"Nan-Fu Chiu, Yong-Ai Wu, I-Ju Chen, Devi Taufiq Nurrohman","National Taiwan Normal University, Taiwan",/home/tsai/YoshiNAS/Tasks/APCOT2026_Proceedings/APCOT_Abstract/0316.pdf,2,521,522
0431,PO3-27,"Wednesday, June 24",Poster Session PO3,14:00-15:30,14:00,Grand Ballroom 2,Design of Monolithic Optical Engine on GaN-on-Silicon Platform,"Y. Hsu, Y. Chen, H. Hsieh, C. Liou","Feng Chia University, Taiwan",/home/tsai/YoshiNAS/Tasks/APCOT2026_Proceedings/APCOT_Abstract/0431.pdf,2,523,524
0119,PO3-28,"Wednesday, June 24",Poster Session PO3,14:00-15:30,14:00,Grand Ballroom 2,Design and Implementation of Piezoelectric MEMS Audio Transducer with Parylene for Acoustic Performance Improvement,"Zih-Song Hu, Yu-Chen Chen, Weileun Fang","National Tsing Hua University, Taiwan",/home/tsai/YoshiNAS/Tasks/APCOT2026_Proceedings/APCOT_Abstract/0119.pdf,2,525,526
0302,PO3-29,"Wednesday, June 24",Poster Session PO3,14:00-15:30,14:00,Grand Ballroom 2,"Simultaneous Measurement System of MRI, Endoscopic RGB Imaging, and Mechanical Force for Biological Observation","Reki Mukasa, Tetsuji Dohi","Chuo University, Japan",/home/tsai/YoshiNAS/Tasks/APCOT2026_Proceedings/APCOT_Abstract/0302.pdf,2,527,528
0322,PO3-30,"Wednesday, June 24",Poster Session PO3,14:00-15:30,14:00,Grand Ballroom 2,A Eco-friendly and Wearable Biomechanical Sensor Design based on Triboelectrification,"S. M. Huang, P. K. Yang","National Central University, Taiwan",/home/tsai/YoshiNAS/Tasks/APCOT2026_Proceedings/APCOT_Abstract/0322.pdf,1,529,529
0347,PO3-31,"Wednesday, June 24",Poster Session PO3,14:00-15:30,14:00,Grand Ballroom 2,Evaluation of Frequency Response Characteristics of Cylindrical Hollow Hetero-core Optical Fiber Beam Accelerometer,"Hiroki.Kadotani, A. Hirose, M. Nishiyama","Soka University, Japan",/home/tsai/YoshiNAS/Tasks/APCOT2026_Proceedings/APCOT_Abstract/0347.pdf,2,530,531
0350,PO3-32,"Wednesday, June 24",Poster Session PO3,14:00-15:30,14:00,Grand Ballroom 2,Nonplanar-Feeding Microwave Fluidic Sensor for Density Identification of Ethanol-Water Solutions,"C. -P Chang, C. -H. Liu","National Taiwan University, Taiwan",/home/tsai/YoshiNAS/Tasks/APCOT2026_Proceedings/APCOT_Abstract/0350.pdf,2,532,533
0355,PO3-33,"Wednesday, June 24",Poster Session PO3,14:00-15:30,14:00,Grand Ballroom 2,Microfluidic Pressure Sensor Utilizing FEP as the Deformable Membrane,"Bao-Cheng Huang, Kao-Mai Shen, Kyojiro Morikawa, Takehiko Kitamori, Chihchen Chen","National Tsing Hua University, Taiwan",/home/tsai/YoshiNAS/Tasks/APCOT2026_Proceedings/APCOT_Abstract/0355.pdf,2,534,535
0356,PO3-34,"Wednesday, June 24",Poster Session PO3,14:00-15:30,14:00,Grand Ballroom 2,A Compact and Scalable Multi-Resistor MEMS Pirani Gauge,"Ashwini Kumari, Piyush Kumar, Khanjan Joshi, Ruei-Cian Chu, Yi Chiu, Pushpapraj Singh","Indian Institute of Technology Delhi, New Delhi, India [1], National Yang Ming Chiao Tung University, Taiwan [2]",/home/tsai/YoshiNAS/Tasks/APCOT2026_Proceedings/APCOT_Abstract/0356.pdf,2,536,537
0367,PO3-35,"Wednesday, June 24",Poster Session PO3,14:00-15:30,14:00,Grand Ballroom 2,Sampling Moiré Method Force Plate Utilizing Pantograph Structure for Out-of- Plane Detection,"Kakeru Nakayama, Mai Kawamata, Ohga Nomura, Yukitake Nakahara, Toshihiro Shiratori, Hidetoshi Takahashi","Keio University, Japan",/home/tsai/YoshiNAS/Tasks/APCOT2026_Proceedings/APCOT_Abstract/0367.pdf,2,538,539
0378,PO3-36,"Wednesday, June 24",Poster Session PO3,14:00-15:30,14:00,Grand Ballroom 2,Real-Time In-Situ Monitoring of Plasma Etching Using Quartz Crystal Microbalance Sensors,"Kyeong Jun Park, Eun Seo Go, Yongjun Kwon, Moonsoo Bak, Hohyun Keum, Hyeong-U Kim, Hoe Joon Kim","DGIST, Korea [1], KITECH, Korea [2], KIMM, Korea [3], Sungkyunkwan University, Korea [4], UST, Korea [5]",/home/tsai/YoshiNAS/Tasks/APCOT2026_Proceedings/APCOT_Abstract/0378.pdf,2,540,541
0400,PO3-37,"Wednesday, June 24",Poster Session PO3,14:00-15:30,14:00,Grand Ballroom 2,Direction-Aware Piezo-Transmittance Sensor Arrays for Real-Time Human Motion Monitoring and Advanced Wearable Electronics,"Byeongmin Kang, Kwangjun Kim, Jimin Gu, Jun-ho Jeong, Jong G. Ok, Inkyu Park","Korea Advanced Institute of Science and Technology, Korea [1], Seoul National University of Science and Technology, Korea [2], University of California, Berkeley, USA [3], Korea Institute of Machinery and Materials, Korea [4]",/home/tsai/YoshiNAS/Tasks/APCOT2026_Proceedings/APCOT_Abstract/0400.pdf,2,542,543
0407,PO3-38,"Wednesday, June 24",Poster Session PO3,14:00-15:30,14:00,Grand Ballroom 2,A Flexible Capacitive Pressure Sensor with Porous PDMS Sponge for Swelling Detection,"Chin-Cheng Wu, Cheng Kuo, Chang-Lung Tsai, Jin-Chern Chiou","National ILAN University, Taiwan [1], National Yang Ming Chiao Tung University, Taiwan [2]",/home/tsai/YoshiNAS/Tasks/APCOT2026_Proceedings/APCOT_Abstract/0407.pdf,2,544,545
0423,PO3-39,"Wednesday, June 24",Poster Session PO3,14:00-15:30,14:00,Grand Ballroom 2,"LC Repeater-Inspired Battery-free, Chipless, Flexible Body Sensor Network with Lightweight Reader","Guan-Lin Su, Ting-Wei Wang","National Tsing Hua University, Taiwan",/home/tsai/YoshiNAS/Tasks/APCOT2026_Proceedings/APCOT_Abstract/0423.pdf,2,546,547
0382,PO3-40,"Wednesday, June 24",Poster Session PO3,14:00-15:30,14:00,Grand Ballroom 2,FET-Based Visualized Molecular Sieves for Thermal Shock-Driven Mercury Detection,"Guan-Cheng Zeng, Yu-Lin Wang","National Tsing Hua University, Taiwan",/home/tsai/YoshiNAS/Tasks/APCOT2026_Proceedings/APCOT_Abstract/0382.pdf,2,548,549
0408,PO3-41,"Wednesday, June 24",Poster Session PO3,14:00-15:30,14:00,Grand Ballroom 2,A 14.5-bit Hybrid SAR and Single-Slope Analog-to-Digital Converter with Background Calibration,"Cheng-Ya Yu, Pai-Hsiang Hsu, Yueh-Ru Lee, Chung-Chih Hung, Chia-Hung Chen","National Yang Ming Chiao Tung University, Taiwan",/home/tsai/YoshiNAS/Tasks/APCOT2026_Proceedings/APCOT_Abstract/0408.pdf,2,550,551
0419,PO3-42,"Wednesday, June 24",Poster Session PO3,14:00-15:30,14:00,Grand Ballroom 2,APTES-Functionalized EGFETs Enabled by Thermally Assisted Hg²⁺–Molecular Sieve Complexation for Highly Sensitive Mercury Detection,"Ching-Yao Lan, Guan-Cheng Zeng, Yu-Lin Wang","National Tsing Hua University, Taiwan",/home/tsai/YoshiNAS/Tasks/APCOT2026_Proceedings/APCOT_Abstract/0419.pdf,2,552,553
0220,PO3-43,"Wednesday, June 24",Poster Session PO3,14:00-15:30,14:00,Grand Ballroom 2,SAW Thermoacoustic Mach-Zehnder Phase Modulator for Physical Reservoir Computer,"Kotaro Nose, Taiki Ijima, Masaki Shimofuri, Jun Hirotani, Toshiyuki Tsuchiya","Kyoto University, Japan",/home/tsai/YoshiNAS/Tasks/APCOT2026_Proceedings/APCOT_Abstract/0220.pdf,2,554,555
0225,PO3-44,"Wednesday, June 24",Poster Session PO3,14:00-15:30,14:00,Grand Ballroom 2,A Raman Spectroscopy–Based Signal Processing and Machine Learning Framework for Robust Circulating Tumor Cell Detection,"J. L. Li, H. T. Chang, W. W. Hu, I. T. Chyuan, M. H. Chiu, Y. C. Cheng, C. W. Tsao","National Central University, Taiwan [1], Cathay General Hospital, Taipei City, Taiwan [2]",/home/tsai/YoshiNAS/Tasks/APCOT2026_Proceedings/APCOT_Abstract/0225.pdf,2,556,557
0292,PO3-45,"Wednesday, June 24",Poster Session PO3,14:00-15:30,14:00,Grand Ballroom 2,Bridging LFP and Action Potential Representations for Learning-Based Closed- Loop Deep Brain Stimulation,"Jin-Rong Lai, Shun-Chao Yang, Chiang Jung, Chia-Hung Cho, Chii-Wann Lin","National Taiwan University, Taiwan",/home/tsai/YoshiNAS/Tasks/APCOT2026_Proceedings/APCOT_Abstract/0292.pdf,2,558,559
0293,PO3-46,"Wednesday, June 24",Poster Session PO3,14:00-15:30,14:00,Grand Ballroom 2,Enhancing Granularity Robustness in Acoustic Tool-Wear Classification for CNC Milling Using a CNN-Augmented Transformer,"Shang-Yu Lin, Po-Han Chen, Pang-Hsiang Hung, Pei-Zen Chang, Wei-Chang Li","National Taiwan University, Taiwan",/home/tsai/YoshiNAS/Tasks/APCOT2026_Proceedings/APCOT_Abstract/0293.pdf,2,560,561
0226,PO3-47,"Wednesday, June 24",Poster Session PO3,14:00-15:30,14:00,Grand Ballroom 2,A Low-Noise Amplifier with Accurate Embedded Hybrid Time-Gain Compensation for Ultrasound Receiver Front-Ends,"Y. S. Chou, C. H. Xu, C. H. Huang, Y. T. Liao","National Yang Ming Chiao Tung University, Taiwan [1], National Cheng Kung University, Taiwan [2]",/home/tsai/YoshiNAS/Tasks/APCOT2026_Proceedings/APCOT_Abstract/0226.pdf,2,562,563
0135,PO3-48,"Wednesday, June 24",Poster Session PO3,14:00-15:30,14:00,Grand Ballroom 2,Design and Optimization of Thermal Management for Thin-Film Heating in Microfluidic Systems,"PingJui Wu, Kyojiro Morikawa, Takehiko Kitamori, Chihchen Chen","National Tsing Hua University, Taiwan",/home/tsai/YoshiNAS/Tasks/APCOT2026_Proceedings/APCOT_Abstract/0135.pdf,2,564,565
0233,PO3-49,"Wednesday, June 24",Poster Session PO3,14:00-15:30,14:00,Grand Ballroom 2,Influence of Porous Transport Layer Pore Size on the Performance of Anion Exchange Membrane Water Electrolysis: Multiphysics Simulation Investigation,"Chih-Yen Kuo, Li-Yun Yeh, Yung-Liang Tung, Li-Da Chiu, Chih-Hung Chen, Jian-Zhang","National Taiwan University, Taiwan [1], Industrial Technology Research Institute, Taiwan [2]",/home/tsai/YoshiNAS/Tasks/APCOT2026_Proceedings/APCOT_Abstract/0233.pdf,2,566,567
0162,PO3-50,"Wednesday, June 24",Poster Session PO3,14:00-15:30,14:00,Grand Ballroom 2,Bias Magnetic Field Dependence and Magnetostrictive Constant for MEMS Magnetostrictive Vibration Energy Harvesters Using Fe-Based Nanocrystalline Soft-Magnetostrictive Films,"T. Sakamoto, K. Sano, C. Oka, J. Sakurai, and S. Hata","Nagoya University, Japan",/home/tsai/YoshiNAS/Tasks/APCOT2026_Proceedings/APCOT_Abstract/0162.pdf,2,568,569
0168,PO3-51,"Wednesday, June 24",Poster Session PO3,14:00-15:30,14:00,Grand Ballroom 2,Effects of a CaCO₃ Scattering Layer and CDCA Co-Adsorbent on the Efficiency of TiO₂ Dye-Sensitized Solar Cells,"Bo-Yu Huang, Chun-Yu Li","National Yunlin University of Science and Technology, Taiwan",/home/tsai/YoshiNAS/Tasks/APCOT2026_Proceedings/APCOT_Abstract/0168.pdf,2,570,571
0396,PO3-52,"Wednesday, June 24",Poster Session PO3,14:00-15:30,14:00,Grand Ballroom 2,Piezoelectric MEMS Resonators and Oscillators in Liquid Environment for Mass Sensing Applications,"Navajyoth Kummath, Sheng-Shian Li","National Tsing Hua University, Taiwan",/home/tsai/YoshiNAS/Tasks/APCOT2026_Proceedings/APCOT_Abstract/0396.pdf,2,572,573
0414,PO3-53,"Wednesday, June 24",Poster Session PO3,14:00-15:30,14:00,Grand Ballroom 2,A 50 GHz Switched-Line RF MEMS Phase Shifter with Low Loss on Sapphire Substrate,"Piyush Kumar, Ashwini Kumari, Rahul Mehra, Pushpapraj Singh","Indian Institute of Technology Delhi, India",/home/tsai/YoshiNAS/Tasks/APCOT2026_Proceedings/APCOT_Abstract/0414.pdf,2,574,575
0181,0181,"Wednesday, June 24","OR3-3A Materials, Fabrication and Packaging 4",15:30-16:20,15:30,Grand Ballroom 1,Liquid Metal Powder–Enabled Conductive Networks for Multifunctional and Versatile Electronics,"Osman Gul, Inkyu Park","Korea Advanced Institute of Science and Technology, Korea",/home/tsai/YoshiNAS/Tasks/APCOT2026_Proceedings/APCOT_Abstract/0181.pdf,2,576,577
0269,0269,"Wednesday, June 24",OR3-3C Chemical Sensors and MEMS/NEMS 3,15:30-16:20,15:30,Rose 2,Laser-Induced Graphene Hybrid Sensor for Simultaneous Gas and Air flow Detection,"Kenta Murakami, Ryusei Ando, Rihachiro Nakashima, Yoshiyuki Kaiho, Yoshifumi Yoshida, Hidetoshi Takahashi","Seiko Future Creation Inc., Japan [1], Keio University, Japan [2]",/home/tsai/YoshiNAS/Tasks/APCOT2026_Proceedings/APCOT_Abstract/0269.pdf,2,578,579
0314,0314,"Wednesday, June 24",OR3-3B Physical Sensors and MEMS/NEMS 4,15:30-16:20,15:30,Rose 1,Investigation of Electron Spin Resonance Imaging of a Hair Fragment,"Kaoru Fukushima, Takahito Ono, Masaya Toda","Tohoku University, Japan",/home/tsai/YoshiNAS/Tasks/APCOT2026_Proceedings/APCOT_Abstract/0314.pdf,2,580,581
0333,0333,"Wednesday, June 24",OR3-3D Bio/Medical Sensors and MEMS/NEMS 6,15:30-16:20,15:30,Rose 3,Skin-Conformal Tessellated Platforms with On-Demand Switchable Adhesion for Wearable Devices,"G. Choi, H. E. Jeong, I. Park","Korea Advanced Institute of Science and Technology, Korea [1], Ulsan National Institute of Science and Technology, Korea [2]",/home/tsai/YoshiNAS/Tasks/APCOT2026_Proceedings/APCOT_Abstract/0333.pdf,2,582,583
0381,0381,"Wednesday, June 24",OR3-3E Bio/Medical Sensors and MEMS/NEMS 7,15:30-16:20,15:30,Plum Blossom 2,An Ultra-High Precision Refractive Index Measurement Framework Based on Surface Plasmon Resonance System with Flow-Thermal Coupling Compensation,"Jian-Hong Yang, Chia-Ling Chiang, Hong-Xiang Jiang, Pien-Pien Lin, Ming-Hsien Lee, Ying-Ju Chen, Dan Jing Chang, Tzu-Heng Wu, Nien-Tsu Huang, Chii-Wann Lin","National Taiwan University, Taiwan",/home/tsai/YoshiNAS/Tasks/APCOT2026_Proceedings/APCOT_Abstract/0381.pdf,2,584,585
0158,0158,"Wednesday, June 24","OR3-3A Materials, Fabrication and Packaging 4",15:30-16:20,15:42,Grand Ballroom 1,Flexible MEMS Thermal Sensor Using Cost-Effective Metallization: Cu,"M. S. Al Farisi, R. Aso, Y. Hasegawa, M. Shikida","Hiroshima City University, Japan [1], Kyushu Institute of Technology, Japan [2]",/home/tsai/YoshiNAS/Tasks/APCOT2026_Proceedings/APCOT_Abstract/0158.pdf,2,586,587
0290,0290,"Wednesday, June 24",OR3-3C Chemical Sensors and MEMS/NEMS 3,15:30-16:20,15:42,Rose 2,Response Evaluation of a Tip-Type Hetero-Core Fiber Optic Magnetic Field Sensor Using Magnetic Fluid,"Hayato Hanada, Takaaki Abe, Deepro Banerjee, Michiko Nishiyama","Soka University, Japan",/home/tsai/YoshiNAS/Tasks/APCOT2026_Proceedings/APCOT_Abstract/0290.pdf,2,588,589
0331,0331,"Wednesday, June 24",OR3-3B Physical Sensors and MEMS/NEMS 4,15:30-16:20,15:42,Rose 1,Feasibility Study of Wind Compensation for MEMS Cantilever-Based Wave Height Sensors,"Kako Koeda, Takuto Kishimoto, Kyota Shimada, Ryusei Ando, Hidetoshi Takahashi","Keio University, Japan",/home/tsai/YoshiNAS/Tasks/APCOT2026_Proceedings/APCOT_Abstract/0331.pdf,2,590,591
0342,0342,"Wednesday, June 24",OR3-3D Bio/Medical Sensors and MEMS/NEMS 6,15:30-16:20,15:42,Rose 3,Soft Microfinger Robot for Bilateral Head Stimulation and Reaction-Force Analysis in Zebrafish Larvae,"T. Nakatsuka, H. Hirata, M. Nagai, S. Konishi","Ritsumeikan University, Japan [1], Aoyama Gakuin University, Japan [2], Toyohashi University of Technology, Japan [3]",/home/tsai/YoshiNAS/Tasks/APCOT2026_Proceedings/APCOT_Abstract/0342.pdf,2,592,593
0410,0410,"Wednesday, June 24",OR3-3E Bio/Medical Sensors and MEMS/NEMS 7,15:30-16:20,15:42,Plum Blossom 2,Surface Plasmon Resonance Imaging Sensing technique for Multiplex Detection of Acute Respiratory Infection Viruses,"Yu-Shuo Yeh, Hao-Lun Hung, Han-Yun Hsieh, Pei-Kuen Wei, Yu-Jui Fan, Horn-Jiunn Sheen","National Taiwan University, Taiwan [1], National Dong Hwa University, Taiwan [2], Research Center for Applied Sciences, Academia Sinica, Taiwan [3], National Yang Ming Chiao Tung University, Taiwan [4]",/home/tsai/YoshiNAS/Tasks/APCOT2026_Proceedings/APCOT_Abstract/0410.pdf,2,594,595
0161,0161,"Wednesday, June 24","OR3-3A Materials, Fabrication and Packaging 4",15:30-16:20,15:54,Grand Ballroom 1,A TSV- and RDL-Free Infinite-Stacking 3D IC Packaging Platform with Integrated Thermoelectric and Microfluidic Thermal Management,"Meenakshi Ray, Chia-Kai Lin, Yu-Lin Wang, Zong-Hong Lin","National Taiwan University, Taiwan [1], National Tsing Hua University, Taiwan [2]",/home/tsai/YoshiNAS/Tasks/APCOT2026_Proceedings/APCOT_Abstract/0161.pdf,1,596,596
0334,0334,"Wednesday, June 24",OR3-3B Physical Sensors and MEMS/NEMS 4,15:30-16:20,15:54,Rose 1,Piezojunction Effect in n-3C-SiC/p-Si Heterojunction for Ultrasensitive Strain Sensing,"Tuan Sang Tran, Thi Tra Giang Nguyen, Muhammad Tamoor Ansar, That Buu Ton, Cuong Nguyen, Thanh-An Truong, Duc Khanh Tran, Van Thanh Dau, Dzung Viet Dao","Griffith University, Australia",/home/tsai/YoshiNAS/Tasks/APCOT2026_Proceedings/APCOT_Abstract/0334.pdf,2,597,598
0352,0352,"Wednesday, June 24",OR3-3D Bio/Medical Sensors and MEMS/NEMS 6,15:30-16:20,15:54,Rose 3,Vertically Aligned Nanostructure-Based Biosensor for Serum Antibody Detection of Porcine Mycoplasma Arthritis and Septicemia,"Wei-Ni Lee, Shu-Ping Lin","National Chung Hsing University, Taiwan [1], National Yang Ming Chiao Tung University, Taiwan [2]",/home/tsai/YoshiNAS/Tasks/APCOT2026_Proceedings/APCOT_Abstract/0352.pdf,2,599,600
0354,0354,"Wednesday, June 24",OR3-3C Chemical Sensors and MEMS/NEMS 3,15:30-16:20,15:54,Rose 2,Fabrication of Au/Ta2O5/AuNPs Hybrid Multilayer Hetero-Core Fiber Optic Refractive Index Sensor,"M. Nishiyama, D. Banerjee, H. Y. Chen, S.P. Morgan, S. Korposh","Soka University, Japan [1], University of Nottingham, UK [2]",/home/tsai/YoshiNAS/Tasks/APCOT2026_Proceedings/APCOT_Abstract/0354.pdf,2,601,602
0392,0392,"Wednesday, June 24",OR3-3E Bio/Medical Sensors and MEMS/NEMS 7,15:30-16:20,15:54,Plum Blossom 2,Nanobrush-Based Electrical Biosensors for Rapid Diagnosis and Stage Differentiation of Neurodegenerative Diseases in Blood Plasma,"Yi-Nuo Huang, Ming-Hong Chang, Wei-Ju Lee, Shu-Ping Lin","National Chung Hsing University, Taiwan [1], Taichung Veterans General Hospital, Taiwan [2], National Yang Ming Chiao Tung University, Taiwan [3]",/home/tsai/YoshiNAS/Tasks/APCOT2026_Proceedings/APCOT_Abstract/0392.pdf,2,603,604
0174,0174,"Wednesday, June 24","OR3-3A Materials, Fabrication and Packaging 4",15:30-16:20,16:06,Grand Ballroom 1,Integrated Voxel Modeling and Quality Prediction for Intelligent Path Planning in Ultrafast Laser 3D Direct Writing,"You-wei Lu, Po-Han Huang","National Tsing Hua University, Taiwan",/home/tsai/YoshiNAS/Tasks/APCOT2026_Proceedings/APCOT_Abstract/0174.pdf,2,605,606
0328,0328,"Wednesday, June 24",OR3-3C Chemical Sensors and MEMS/NEMS 3,15:30-16:20,16:06,Rose 2,Ag Coated Hetero-Core Fiber Optic Magnetic Field Sensor Using Oil Based Magnetic Fluid Containing 50 nm Fe3O4 Nanoparticles,"Kazuki Inoue, Takaaki Abe, Hayato Hanada, Deepro Banerjee, Michiko Nishiyama","Soka University, Japan",/home/tsai/YoshiNAS/Tasks/APCOT2026_Proceedings/APCOT_Abstract/0328.pdf,2,607,608
0383,0383,"Wednesday, June 24",OR3-3E Bio/Medical Sensors and MEMS/NEMS 7,15:30-16:20,16:06,Plum Blossom 2,Performance Validation of a Test Strip-Based Sensing Platform for Fecal Leukocyte Esterase Detection in IBD Monitoring,"Zu-Han Yang, Dan-Ching Chang, Ying-Ju Chen, Tzu-Heng Wu, Su-Yu Chu, Shu-Chen Wei, Chii-Wann Lin","National Taiwan University, Taiwan Awards and Closing 16:20-17:00 Note Page Note Page Note Page APCOT2028",/home/tsai/YoshiNAS/Tasks/APCOT2026_Proceedings/APCOT_Abstract/0383.pdf,2,609,610
0397,0397,"Wednesday, June 24",OR3-3D Bio/Medical Sensors and MEMS/NEMS 6,15:30-16:20,16:06,Rose 3,Fabrication and Ionic Current Characterization of a Gold Nanoparticle Dimer- Integrated Nanopore for SERS-Based DNA Analysis,"Y. Ogura, M. Taguchi, S. Yotsuzuka, H. Honma, K. Sugano, Y. Isono","Kobe University, Japan",/home/tsai/YoshiNAS/Tasks/APCOT2026_Proceedings/APCOT_Abstract/0397.pdf,2,611,612
